time,method,model,cluster,gene,score,rank_in_cluster
2,leiden,svm,5,col9a1.L,0.27593274774823817,1
2,leiden,svm,5,col2a1.L,0.2669622781903586,2
2,leiden,svm,5,epyc.S,-0.2272148159609951,3
2,leiden,svm,5,foxc2.S,0.21387824751232204,4
2,leiden,svm,5,col8a2.S,-0.20953702842932434,5
2,leiden,svm,5,cav1.S,-0.20074942199455892,6
2,leiden,svm,5,sfrp2.S,-0.1939417420971212,7
2,leiden,svm,5,otos.L,-0.1888216767036937,8
2,leiden,svm,5,igf2.S,0.18835763707302977,9
2,leiden,svm,5,prss35.S,-0.18116773480028828,10
2,leiden,svm,5,col1a2.S,-0.1796352888219989,11
2,leiden,svm,5,dpt.S,0.1794948580821526,12
2,leiden,svm,5,col9a3.L,0.1782869341036467,13
2,leiden,svm,5,mmp23b.L,-0.17361834036833146,14
2,leiden,svm,5,epyc.L,-0.16573606429086846,15
2,leiden,svm,5,hapln1.L,-0.15737333196885028,16
2,leiden,svm,5,val,0.14523289963847685,17
2,leiden,svm,5,Xelaev18040855m.g,-0.1446195971446736,18
2,leiden,svm,5,sfrp2.L,-0.14206743385764747,19
2,leiden,svm,5,chrna7.S,-0.14194661827751698,20
2,leiden,svm,5,ecm1.L,0.13773300884493475,21
2,leiden,svm,5,nkx3.2.S,0.13596619120768327,22
2,leiden,svm,5,colec12.S,-0.13539927443314126,23
2,leiden,svm,5,lama1.L,0.13441046131744902,24
2,leiden,svm,5,loc100498318.like.L,-0.13125681360281274,25
2,leiden,svm,5,htra3.L,0.12996298337505116,26
2,leiden,svm,5,fxyd5.L,0.1281430834779628,27
2,leiden,svm,5,unnamed.L.3,-0.1260477214305887,28
2,leiden,svm,5,loc100485272.like.S,-0.12528684393316808,29
2,leiden,svm,5,col1a2.L,-0.12508014740873283,30
2,leiden,svm,5,mmp11.L,0.12498666953563925,31
2,leiden,svm,5,spon1.L,-0.12471028948605022,32
2,leiden,svm,5,ctgf.L,0.12411272724952857,33
2,leiden,svm,5,itga4.L,0.12383326107424661,34
2,leiden,svm,5,col27a1.S,-0.12329868656393207,35
2,leiden,svm,5,Xetrov90028350m.S,-0.12328722145066928,36
2,leiden,svm,5,txn.L,-0.12314452531950648,37
2,leiden,svm,5,pmp2.S,-0.12309975301947482,38
2,leiden,svm,5,crp.4.L,0.1216789135874648,39
2,leiden,svm,5,loc100494786.S,-0.12106172757657738,40
2,leiden,svm,5,gap43.L,-0.11910317086120394,41
2,leiden,svm,5,Xelaev18045052m.g,-0.11875224770026,42
2,leiden,svm,5,Xelaev18045096m.g,-0.11815472628605311,43
2,leiden,svm,5,tnfaip6.S,0.1161067692446139,44
2,leiden,svm,5,tagln.S,0.11483836751131288,45
2,leiden,svm,5,tuba1b.S,0.11422721778713457,46
2,leiden,svm,5,tpm2.L,0.11418686369758561,47
2,leiden,svm,5,eln1.L,-0.11417001897156612,48
2,leiden,svm,5,clec3b.L,0.11188336944439202,49
2,leiden,svm,5,ccl4.L,0.1115308395256021,50
2,leiden,svm,5,serpine1.L,-0.10951338032575106,51
2,leiden,svm,5,Xetrov90011359m.L,-0.10858491785342288,52
2,leiden,svm,5,lect1.S,-0.10779410141666229,53
2,leiden,svm,5,rbp4.S,0.10698760673237608,54
2,leiden,svm,5,ctsb.S,-0.1063355772607089,55
2,leiden,svm,5,fam212a.L,-0.10577823092627683,56
2,leiden,svm,5,loc101730537.like.L,-0.10542899582216168,57
2,leiden,svm,5,ednra.L,-0.1043037521427914,58
2,leiden,svm,5,Xelaev18001105m.g,-0.1042202921488016,59
2,leiden,svm,5,Xelaev18012967m.g,-0.10383589247036856,60
2,leiden,svm,5,has2.S,0.10373758485386528,61
2,leiden,svm,5,atp6v1d.S,0.10350191887474013,62
2,leiden,svm,5,msmb.3.L,-0.10332169635708158,63
2,leiden,svm,5,nrp1.L,-0.1019238075350824,64
2,leiden,svm,5,vcan.L,-0.10130054841481428,65
2,leiden,svm,5,fam132a.L,0.10089570879460119,66
2,leiden,svm,5,lrrn4cl.L,-0.10064782229748453,67
2,leiden,svm,5,tnfaip6.L,-0.10014631868619576,68
2,leiden,svm,5,hgd.L,-0.09933287826591919,69
2,leiden,svm,5,ifit5.L,0.09798616839991699,70
2,leiden,svm,5,loc100488697.L,-0.0977348496219374,71
2,leiden,svm,5,Xelaev18040854m.g,-0.09745457766218722,72
2,leiden,svm,5,bgn.S,-0.0973051720184213,73
2,leiden,svm,5,Xelaev18009504m.g,-0.09598726686838056,74
2,leiden,svm,5,tat.S,-0.0952706083850178,75
2,leiden,svm,9,col1a2.L,-0.10750860526453512,1
2,leiden,svm,9,Xelaev18012141m.g,-0.09154650586290235,2
2,leiden,svm,9,Xelaev18015037m.g,-0.08868011703954051,3
2,leiden,svm,9,Xelaev18045052m.g,-0.08011777357651996,4
2,leiden,svm,9,krt16.L,0.07707475659780817,5
2,leiden,svm,9,krt16.S,0.07229662829386944,6
2,leiden,svm,9,Xelaev18045096m.g,-0.072153275666377,7
2,leiden,svm,9,col1a1.S,-0.06960550023221923,8
2,leiden,svm,9,Xelaev18001106m.g,-0.06511360444681837,9
2,leiden,svm,9,umod.2.L,-0.060635560025992616,10
2,leiden,svm,9,Xelaev18001105m.g,-0.05843686520365041,11
2,leiden,svm,9,ly6g6c.L,0.05493254253750123,12
2,leiden,svm,9,Xelaev18034081m.g,0.052324673457665054,13
2,leiden,svm,9,loc100494945.L,0.05215081125596666,14
2,leiden,svm,9,Xelaev18045649m.g,0.05141393089909015,15
2,leiden,svm,9,Xelaev18016451m.g,-0.04976452923057035,16
2,leiden,svm,9,scnn1b.S,0.04883885982402083,17
2,leiden,svm,9,rab19.L,0.04683379859736561,18
2,leiden,svm,9,Xelaev18047460m.g,-0.04582664517161242,19
2,leiden,svm,9,loc101731311.L,0.043537160452903276,20
2,leiden,svm,9,col2a1.L,-0.04352876730427138,21
2,leiden,svm,9,loc100494945.S,0.04324186565544001,22
2,leiden,svm,9,txn.L,-0.041587387357688264,23
2,leiden,svm,9,Xelaev18026753m.g,-0.04097655886058922,24
2,leiden,svm,9,Xelaev18013182m.g,0.03981844172323976,25
2,leiden,svm,9,sp8.L,0.039422434982873414,26
2,leiden,svm,9,s100a11.S,0.039309927177484466,27
2,leiden,svm,9,g6pc2.L,0.03925346049156752,28
2,leiden,svm,9,loc100490489.S,-0.03815971892889449,29
2,leiden,svm,9,krt.S,0.03758016780419293,30
2,leiden,svm,9,fabp3.L,-0.03741816540828054,31
2,leiden,svm,9,prss8,0.03457393492904353,32
2,leiden,svm,9,ctgf.L,-0.03433401029378212,33
2,leiden,svm,9,Xelaev18047462m.g,-0.0342497539769201,34
2,leiden,svm,9,zfand2a.L,0.033966257214255335,35
2,leiden,svm,9,tuba4a.S,-0.03148368009589347,36
2,leiden,svm,9,fam83b.S,0.030988756247885333,37
2,leiden,svm,9,Xelaev18001323m.g,0.030396043384164993,38
2,leiden,svm,9,sytl1.S,0.029631553415059957,39
2,leiden,svm,9,loc101732853.L,-0.02922210597593788,40
2,leiden,svm,9,Xelaev18036218m.g,0.02879161219273183,41
2,leiden,svm,9,loc100495760.L,0.028590791954652285,42
2,leiden,svm,9,col3a1.S,-0.027734658764757458,43
2,leiden,svm,9,Xelaev18043641m.g,0.027431813829339503,44
2,leiden,svm,9,Xelaev18047452m.g,-0.026965215830290316,45
2,leiden,svm,9,Xetrov90011361m.L,-0.026849834721166893,46
2,leiden,svm,9,Xelaev18040854m.g,0.026744079983353524,47
2,leiden,svm,9,ranbp3l.like.L,0.02609533164018258,48
2,leiden,svm,9,Xelaev18022490m.g,-0.025985379462007744,49
2,leiden,svm,9,ppp1r3c.2.S,0.02593944875184006,50
2,leiden,svm,9,loc101733516.like.L,-0.025685563389076987,51
2,leiden,svm,9,Xelaev18022082m.g,-0.025616332908025632,52
2,leiden,svm,9,loc100489718.L,0.02535963423648253,53
2,leiden,svm,9,Xelaev18000156m.g,0.025268148089236202,54
2,leiden,svm,9,b3gnt7.L,0.024948529136919376,55
2,leiden,svm,9,fbp1.L,-0.024590474328051736,56
2,leiden,svm,9,loc101730868.like.L,0.024590350539518406,57
2,leiden,svm,9,Xelaev18032450m.g,0.02443403021689003,58
2,leiden,svm,9,Xelaev18038710m.g,-0.024336713783774444,59
2,leiden,svm,9,elf3.L,-0.02423569695109271,60
2,leiden,svm,9,degs3.L,-0.02416193413642436,61
2,leiden,svm,9,bhlha9.S,0.023847661947379136,62
2,leiden,svm,9,grhl1.S,-0.02375246723316733,63
2,leiden,svm,9,il17c.L,-0.023690194083958428,64
2,leiden,svm,9,snx31.S,-0.02365893591745282,65
2,leiden,svm,9,col1a2.S,-0.023487858259681034,66
2,leiden,svm,9,Xelaev18044287m.g,0.02322689326513667,67
2,leiden,svm,9,ctsc.S,-0.02320536025477839,68
2,leiden,svm,9,crip1.L,-0.02249012717466751,69
2,leiden,svm,9,krt8.S,-0.021922408833333944,70
2,leiden,svm,9,fam3b.L,0.021895168601507184,71
2,leiden,svm,9,Xelaev18038699m.g,0.021593641760713544,72
2,leiden,svm,9,bmp7.1.L,0.021498975805533352,73
2,leiden,svm,9,smagp.L,-0.021439852049260917,74
2,leiden,svm,9,myf5.S,-0.021278381032470272,75
2,leiden,svm,17,apoc1.like.L,0.11465800474631173,1
2,leiden,svm,17,Xelaev18045052m.g,-0.10778103700544078,2
2,leiden,svm,17,col1a2.L,-0.09296817637928077,3
2,leiden,svm,17,loc100487364.L,-0.085771395467409,4
2,leiden,svm,17,ccl34.S,0.08016289885683148,5
2,leiden,svm,17,Xelaev18045096m.g,-0.07770064101209702,6
2,leiden,svm,17,Xetrov90018212m.S,-0.0729534608098887,7
2,leiden,svm,17,art5.L,0.07172991831021924,8
2,leiden,svm,17,pmp2.S,0.06854760443840686,9
2,leiden,svm,17,Xelaev18038149m.g,0.06547018475737765,10
2,leiden,svm,17,loc101733140.L,-0.06489787146337819,11
2,leiden,svm,17,tnf.L,-0.06173363311967558,12
2,leiden,svm,17,txn.L,-0.06130917190057774,13
2,leiden,svm,17,Xetrov90002578m.L,0.058999701654603935,14
2,leiden,svm,17,loc613063.S,0.05743198813506196,15
2,leiden,svm,17,lgmn.L,0.05685656245634532,16
2,leiden,svm,17,Xelaev18001106m.g,-0.05664742761850501,17
2,leiden,svm,17,slc7a7.L,0.05651166493982836,18
2,leiden,svm,17,hmox1.L,0.055365995222165613,19
2,leiden,svm,17,Xelaev18047460m.g,-0.05305554103145797,20
2,leiden,svm,17,cotl1.L,0.0508235171228942,21
2,leiden,svm,17,cyba.L,-0.05011933183202602,22
2,leiden,svm,17,fgl2.L,-0.048479367516471764,23
2,leiden,svm,17,fos.S,-0.04815970130928482,24
2,leiden,svm,17,Xelaev18007618m.g,0.04762844081920433,25
2,leiden,svm,17,grn.L,0.04668873686988283,26
2,leiden,svm,17,npc2.L,0.04648504564485927,27
2,leiden,svm,17,lta4h.L,-0.045086383018838494,28
2,leiden,svm,17,Xelaev18018927m.g,0.04507021237551104,29
2,leiden,svm,17,c10orf54.S,0.0444392466060714,30
2,leiden,svm,17,tspan36.L,0.0442661963159338,31
2,leiden,svm,17,slc37a2.L,0.04366001125978174,32
2,leiden,svm,17,loc100496720.L,0.04318747804734329,33
2,leiden,svm,17,basp1.S,0.04307135273383512,34
2,leiden,svm,17,trem2.S,0.04287945889455081,35
2,leiden,svm,17,lyg2.S,-0.04169452018642484,36
2,leiden,svm,17,fbp1.L,-0.04115139896051051,37
2,leiden,svm,17,crip1.L,-0.04095658848758892,38
2,leiden,svm,17,loc100486192.L,-0.040832610752588934,39
2,leiden,svm,17,col1a1.L,-0.040518873473227954,40
2,leiden,svm,17,prss57.L,-0.04016643741379266,41
2,leiden,svm,17,p2ry8.S,-0.0398239768181773,42
2,leiden,svm,17,Xelaev18001105m.g,-0.03935286638807297,43
2,leiden,svm,17,hpd.like.1.L,-0.03932076877160641,44
2,leiden,svm,17,irf7.L,0.03916382181071852,45
2,leiden,svm,17,Xelaev18040496m.g,0.03871668186885345,46
2,leiden,svm,17,ndrg1.S,0.03839604257218957,47
2,leiden,svm,17,loc100493381.L,-0.03816779561078425,48
2,leiden,svm,17,myf5.L,-0.03782657779609174,49
2,leiden,svm,17,crp.4.L,0.03746163808991712,50
2,leiden,svm,17,mmp7.L,0.036970007705852195,51
2,leiden,svm,17,loc100049121.S,0.03678562015436647,52
2,leiden,svm,17,unnamed.S.7,0.036319309017182375,53
2,leiden,svm,17,Xelaev18009504m.g,-0.03556054346615692,54
2,leiden,svm,17,gamt.L,-0.03534785631864552,55
2,leiden,svm,17,krt12.L,-0.035271068639816064,56
2,leiden,svm,17,ctsb.S,0.03498706826294076,57
2,leiden,svm,17,Xelaev18013641m.g,0.034653955314532976,58
2,leiden,svm,17,Xelaev18030549m.g,-0.03458566118603201,59
2,leiden,svm,17,ccr3.L,-0.03404763290067641,60
2,leiden,svm,17,hsd17b14.L,0.03402148339629112,61
2,leiden,svm,17,klf2.L,-0.03395889474746201,62
2,leiden,svm,17,actc1.L,-0.03375249656814798,63
2,leiden,svm,17,fabp4.S,0.03363532356717545,64
2,leiden,svm,17,pmp2.L,0.03355100382399313,65
2,leiden,svm,17,epb41l3.L,0.03337610583658175,66
2,leiden,svm,17,aif1l.S,0.03276904932089534,67
2,leiden,svm,17,Xelaev18035512m.g,-0.03247007783999382,68
2,leiden,svm,17,Xelaev18047462m.g,-0.032271738792155454,69
2,leiden,svm,17,itgb2.L,0.03199265511699112,70
2,leiden,svm,17,Xelaev18038249m.g,-0.03197595487888824,71
2,leiden,svm,17,kctd12.S,-0.03194900829063344,72
2,leiden,svm,17,loc100493453.L,-0.03190779828437921,73
2,leiden,svm,17,Xetrov90002579m.S,0.03152661543159983,74
2,leiden,svm,17,Xelaev18038248m.g,-0.030846919859727755,75
2,leiden,svm,2,Xelaev18045052m.g,-0.1825437294651181,1
2,leiden,svm,2,col1a2.L,-0.17257902262169766,2
2,leiden,svm,2,Xelaev18040855m.g,0.15318401747088708,3
2,leiden,svm,2,epyc.S,0.1512713294890745,4
2,leiden,svm,2,eln1.L,0.15045001491073312,5
2,leiden,svm,2,col1a1.S,-0.13547248966693348,6
2,leiden,svm,2,col8a2.S,0.13223407015531652,7
2,leiden,svm,2,Xelaev18011601m.g,-0.13111211819618424,8
2,leiden,svm,2,hapln1.L,0.1227532075387561,9
2,leiden,svm,2,emilin3.L,0.12200275126355378,10
2,leiden,svm,2,foxc2.S,-0.11300985932721332,11
2,leiden,svm,2,otos.L,0.10899448238985725,12
2,leiden,svm,2,itga4.L,-0.10878839137427969,13
2,leiden,svm,2,cav1.S,0.10723852859932036,14
2,leiden,svm,2,col8a1.L,0.10308287225295427,15
2,leiden,svm,2,c8orf4.S,0.1026979023542349,16
2,leiden,svm,2,col2a1.L,-0.10261466961405907,17
2,leiden,svm,2,ptx3.L,-0.0992961027693513,18
2,leiden,svm,2,Xelaev18001106m.g,-0.09725273029905995,19
2,leiden,svm,2,twsg1.L,0.09661343308598268,20
2,leiden,svm,2,lect1.L,0.0948131650037497,21
2,leiden,svm,2,prss35.S,0.0946054240686068,22
2,leiden,svm,2,Xelaev18012967m.g,0.09225844040125725,23
2,leiden,svm,2,gdf10.L,-0.09167176543855718,24
2,leiden,svm,2,cav1.L,0.09142795714897128,25
2,leiden,svm,2,MGC75752.L,-0.09123811652535117,26
2,leiden,svm,2,spon1.L,0.08992008633860776,27
2,leiden,svm,2,col1a2.S,0.08978941996732816,28
2,leiden,svm,2,loc100494786.S,0.08957350756046568,29
2,leiden,svm,2,dpt.S,-0.08906950274139283,30
2,leiden,svm,2,loc100494945.L,0.0886811861141162,31
2,leiden,svm,2,epyc.L,0.086770459991613,32
2,leiden,svm,2,tagln.S,-0.08240958867245787,33
2,leiden,svm,2,tnfaip6.S,-0.08186031953961208,34
2,leiden,svm,2,col11a2p1.S,0.08114556629496963,35
2,leiden,svm,2,loc100494984.L,-0.08090181134810832,36
2,leiden,svm,2,nkx3.2.S,-0.0795170962638488,37
2,leiden,svm,2,ptx3.S,-0.07793481765488498,38
2,leiden,svm,2,lama1.L,-0.07525449143599636,39
2,leiden,svm,2,limch1.L,0.0751606429598755,40
2,leiden,svm,2,spon2.S,0.07455378137689181,41
2,leiden,svm,2,ckm.L,-0.07364579064718026,42
2,leiden,svm,2,Xelaev18027940m.g,0.07311537181703943,43
2,leiden,svm,2,efemp1.S,0.07297834285325257,44
2,leiden,svm,2,lgmn.L,0.0697887625834982,45
2,leiden,svm,2,Xelaev18033769m.g,0.06973427018629391,46
2,leiden,svm,2,fam212a.L,0.06900428739231126,47
2,leiden,svm,2,ism1.L,-0.06753769552829844,48
2,leiden,svm,2,cst3.S,-0.06750940462792711,49
2,leiden,svm,2,msmb.3.L,0.06635517762110733,50
2,leiden,svm,2,vcan.L,-0.06435092277044545,51
2,leiden,svm,2,tnfrsf11b.S,0.06379555174239375,52
2,leiden,svm,2,chrna7.S,0.06370192748133821,53
2,leiden,svm,2,col27a1.S,0.062038119403591586,54
2,leiden,svm,2,lect1.S,0.061678239894531334,55
2,leiden,svm,2,clec3b.L,-0.06021122699268629,56
2,leiden,svm,2,Xetrov90030519m.L,-0.059618371195255905,57
2,leiden,svm,2,ednra.S,0.05819568393521705,58
2,leiden,svm,2,unnamed.L.3,0.057566285517166124,59
2,leiden,svm,2,Xelaev18043832m.g,-0.05613773140894177,60
2,leiden,svm,2,slc1a3.S,-0.055830575585370926,61
2,leiden,svm,2,ntn1.S,0.05579143790442661,62
2,leiden,svm,2,tcn2.L,0.05516605854177867,63
2,leiden,svm,2,ecm1.L,-0.05513692495084821,64
2,leiden,svm,2,Xetrov90001378m.S,-0.05504159947464321,65
2,leiden,svm,2,Xelaev18045096m.g,-0.05446888039884562,66
2,leiden,svm,2,loc100495131.like.L,0.05438700363245309,67
2,leiden,svm,2,crp.4.L,-0.0541702212273462,68
2,leiden,svm,2,actc1.S,-0.05410575890850035,69
2,leiden,svm,2,prg4.S,0.05341928117738694,70
2,leiden,svm,2,Xelaev18016080m.g,0.053219318293167,71
2,leiden,svm,2,Xelaev18009504m.g,0.05294253179747131,72
2,leiden,svm,2,chd5.like.2.L,-0.052776723244924065,73
2,leiden,svm,2,Xelaev18004243m.g,0.05193006071160786,74
2,leiden,svm,2,tuba4a.S,-0.051635450334768275,75
2,leiden,svm,0,tnnt3.S,0.7397528931013156,1
2,leiden,svm,0,hsd3b7.L,0.7080447875372572,2
2,leiden,svm,0,slc1a3.L,-0.6267209277913081,3
2,leiden,svm,0,Xelaev18022529m.g,0.605553902329701,4
2,leiden,svm,0,glul.like.1.S,-0.5979759078858269,5
2,leiden,svm,0,Xelaev18045052m.g,-0.57911336685936,6
2,leiden,svm,0,krt18.S,-0.5472354747212288,7
2,leiden,svm,0,phyhipl.S,0.5372430031422977,8
2,leiden,svm,0,loc100493672.L,-0.5184612535924967,9
2,leiden,svm,0,Xelaev18045301m.g,-0.4983546454608085,10
2,leiden,svm,0,Xelaev18001105m.g,0.49129249885724147,11
2,leiden,svm,0,Xetrov90001378m.S,-0.4911281873754163,12
2,leiden,svm,0,col1a2.L,-0.47080705392931993,13
2,leiden,svm,0,col2a1.L,0.4603038931134186,14
2,leiden,svm,0,Xelaev18045100m.g,-0.4586679393067974,15
2,leiden,svm,0,tuba4a.S,0.4500466250644763,16
2,leiden,svm,0,myl1.L,-0.43934383650884673,17
2,leiden,svm,0,Xelaev18034626m.g,-0.4284118173140248,18
2,leiden,svm,0,sncb.S,0.4246809333634963,19
2,leiden,svm,0,aplnr.S,-0.42391923519389413,20
2,leiden,svm,0,Xelaev18002842m.g,-0.4208608268862373,21
2,leiden,svm,0,tal1.L,-0.42043294847042634,22
2,leiden,svm,0,ckm.L,-0.41847634959533997,23
2,leiden,svm,0,col8a2.S,-0.4167167636091857,24
2,leiden,svm,0,ocm2.L,-0.41636422538555123,25
2,leiden,svm,0,Xelaev18030022m.g,-0.4149804752701665,26
2,leiden,svm,0,rab11b.2.L,0.4063602115402675,27
2,leiden,svm,0,stc2.L,-0.4041226275293062,28
2,leiden,svm,0,krt12.L,-0.3957715580596875,29
2,leiden,svm,0,ccl4.L,-0.3955598313147238,30
2,leiden,svm,0,Xelaev18047462m.g,0.395477530011295,31
2,leiden,svm,0,kera.S,-0.3929551393779369,32
2,leiden,svm,0,Xelaev18018612m.g,0.38894768165812876,33
2,leiden,svm,0,slc10a4.L,-0.38847545521151794,34
2,leiden,svm,0,gzmh.S,-0.3873207784298177,35
2,leiden,svm,0,cystm1.S,0.3850500498009974,36
2,leiden,svm,0,atp6v1d.S,-0.3846303908259241,37
2,leiden,svm,0,cyp26a1.S,-0.38226955541030444,38
2,leiden,svm,0,Xelaev18038249m.g,-0.380960842394699,39
2,leiden,svm,0,Xelaev18001106m.g,0.3808980907990817,40
2,leiden,svm,0,Xelaev18020203m.g,0.37947064366918387,41
2,leiden,svm,0,dbn1.L,-0.3790515269382184,42
2,leiden,svm,0,gng3.S,-0.37092799101597107,43
2,leiden,svm,0,lyg2.S,-0.37083108481403443,44
2,leiden,svm,0,il1r2.L,-0.36949962904755207,45
2,leiden,svm,0,dpepe.L,0.36603391625415205,46
2,leiden,svm,0,Xelaev18022531m.g,-0.3568916261255201,47
2,leiden,svm,0,mmp1.S,0.3566666090485848,48
2,leiden,svm,0,ccl42d.L,0.3559161465846737,49
2,leiden,svm,0,loc100487364.L,0.35543429023172823,50
2,leiden,svm,0,mmp7.L,0.3548778688907548,51
2,leiden,svm,0,gng3.L,-0.3511092904376632,52
2,leiden,svm,0,Xelaev18038699m.g,0.3504816177948166,53
2,leiden,svm,0,ctsl.L,0.35033523766641944,54
2,leiden,svm,0,ctsc.S,0.35015361898034997,55
2,leiden,svm,0,fos.S,0.3475722110393095,56
2,leiden,svm,0,Xetrov90030519m.L,0.3467418460472299,57
2,leiden,svm,0,uts2.L,-0.3398689633101927,58
2,leiden,svm,0,loc100049121.S,0.3363396693873398,59
2,leiden,svm,0,Xelaev18047453m.g,0.3351010228851597,60
2,leiden,svm,0,cetp.L,-0.33397094320739057,61
2,leiden,svm,0,tnnc2.S,0.3284224652738699,62
2,leiden,svm,0,Xelaev18034081m.g,-0.3271370454616068,63
2,leiden,svm,0,Xelaev18020998m.g,-0.3231595629431879,64
2,leiden,svm,0,ppap2b.S,-0.32306091128815434,65
2,leiden,svm,0,MGC75752.L,-0.3226638552055631,66
2,leiden,svm,0,col1a1.S,0.32213501384304644,67
2,leiden,svm,0,loc100497570.S,-0.3213723023493431,68
2,leiden,svm,0,loc100494945.L,-0.3202060581183464,69
2,leiden,svm,0,Xelaev18017960m.g,-0.31863080434729163,70
2,leiden,svm,0,mmp9.S,-0.31827705723658734,71
2,leiden,svm,0,krt18.L,0.31736604246922734,72
2,leiden,svm,0,eln1.L,-0.3168434955019268,73
2,leiden,svm,0,Xetrov90011359m.L,-0.31638715812215706,74
2,leiden,svm,0,actc1.S,0.31634423661887157,75
2,leiden,svm,7,ptx3.S,-0.19641599424712056,1
2,leiden,svm,7,Xelaev18045052m.g,0.1730586259127549,2
2,leiden,svm,7,hpd.like.1.L,0.15805723920396472,3
2,leiden,svm,7,Xelaev18045096m.g,-0.1527769372171588,4
2,leiden,svm,7,slurp1l.S,-0.13992509160529165,5
2,leiden,svm,7,col2a1.L,-0.13955932065402543,6
2,leiden,svm,7,tnfaip6.S,-0.13357827844140263,7
2,leiden,svm,7,myf5.L,0.12848905569227936,8
2,leiden,svm,7,fabp3.L,0.1134696003889478,9
2,leiden,svm,7,crip1.L,-0.10659587663662619,10
2,leiden,svm,7,tnfaip6.L,-0.10539639534476652,11
2,leiden,svm,7,Xelaev18040855m.g,0.10408351669448072,12
2,leiden,svm,7,val,0.09935048600025428,13
2,leiden,svm,7,Xelaev18047462m.g,-0.0947988290933638,14
2,leiden,svm,7,col9a1.L,-0.09433557770251866,15
2,leiden,svm,7,cpamd8.L,-0.09414191184028119,16
2,leiden,svm,7,myf5.S,0.09071935784950413,17
2,leiden,svm,7,crlf1.L,0.08946556917041298,18
2,leiden,svm,7,actc1.L,0.08684457222639161,19
2,leiden,svm,7,cxcl12.L,-0.08391728890169384,20
2,leiden,svm,7,gamt.L,0.08158021400361111,21
2,leiden,svm,7,slc1a3.L,-0.0803892902231748,22
2,leiden,svm,7,spon2.L,-0.07848884850837992,23
2,leiden,svm,7,tuba4a.S,0.07833151973319809,24
2,leiden,svm,7,cd37.L,-0.07703010511265598,25
2,leiden,svm,7,Xelaev18021562m.g,0.07654996247610765,26
2,leiden,svm,7,Xelaev18047452m.g,-0.07610801420579617,27
2,leiden,svm,7,pax7.L,0.07509909225366353,28
2,leiden,svm,7,ctgf.L,-0.07503393912561399,29
2,leiden,svm,7,cldn5.L,-0.0739742420624984,30
2,leiden,svm,7,ly6g6c.L,-0.07366490791738725,31
2,leiden,svm,7,rbm24.S,0.07363977993855086,32
2,leiden,svm,7,ptx3.L,-0.07104084574780703,33
2,leiden,svm,7,glul.like.1.S,0.07002448829468653,34
2,leiden,svm,7,atp1b3.L,-0.06959426408914303,35
2,leiden,svm,7,anos1.L,0.06954808601513039,36
2,leiden,svm,7,loc100490646.L,-0.06899697445462681,37
2,leiden,svm,7,loc100487364.L,-0.06878428296595805,38
2,leiden,svm,7,col9a3.L,-0.06861176103399062,39
2,leiden,svm,7,psap.S,-0.06796784118941691,40
2,leiden,svm,7,pax3.S,0.06781071049591485,41
2,leiden,svm,7,has2.L,0.06606393553153429,42
2,leiden,svm,7,rbp4.S,0.0648106446427851,43
2,leiden,svm,7,pax3.L,0.06380965961520721,44
2,leiden,svm,7,c17orf58.L,-0.06261440402513466,45
2,leiden,svm,7,des.1.L,0.06258910015913674,46
2,leiden,svm,7,Xetrov90030519m.L,0.06225012584021801,47
2,leiden,svm,7,nog2.L,0.062220764847733714,48
2,leiden,svm,7,stmn2.S,-0.06121426534304664,49
2,leiden,svm,7,hmcn1.L,-0.06054855613615443,50
2,leiden,svm,7,myh11.L,0.05956651989499428,51
2,leiden,svm,7,actc1.S,0.058974199688932576,52
2,leiden,svm,7,mllt11.S,-0.05852860163514616,53
2,leiden,svm,7,loc101731328.L,0.0581918989575217,54
2,leiden,svm,7,col1a1.L,-0.057869807307865874,55
2,leiden,svm,7,serpine1.L,-0.057697184508404935,56
2,leiden,svm,7,krt18.S,-0.05701869674440049,57
2,leiden,svm,7,sfrp2.S,-0.055921740518036576,58
2,leiden,svm,7,enc1.2.L,-0.0557279828818756,59
2,leiden,svm,7,cav1.L,-0.05521253336904709,60
2,leiden,svm,7,ak7.S,-0.05483858940987895,61
2,leiden,svm,7,Xetrov90018212m.S,-0.05419772195763766,62
2,leiden,svm,7,ednra.S,-0.052624357654604895,63
2,leiden,svm,7,sox8.L,0.05237770573163123,64
2,leiden,svm,7,tpm2.L,0.05218877223493264,65
2,leiden,svm,7,krt12.L,-0.052116820900466945,66
2,leiden,svm,7,msmb.3.L,-0.052101262291907216,67
2,leiden,svm,7,Xelaev18024815m.g,-0.052040579194507455,68
2,leiden,svm,7,fras1.L,-0.05186594135185927,69
2,leiden,svm,7,gap43.L,0.05166837757980943,70
2,leiden,svm,7,oxct1.L,-0.051558163429694076,71
2,leiden,svm,7,ctsb.S,-0.05103896511947092,72
2,leiden,svm,7,Xelaev18000342m.g,-0.05030259194585327,73
2,leiden,svm,7,sncb.L,-0.050251352528051726,74
2,leiden,svm,7,ptn.L,0.049809408533664716,75
2,leiden,svm,11,Xelaev18045052m.g,-0.09586841821586621,1
2,leiden,svm,11,col1a2.L,-0.09025947747428754,2
2,leiden,svm,11,Xelaev18045096m.g,-0.07798266796086385,3
2,leiden,svm,11,pcp4.S,0.06387876127951926,4
2,leiden,svm,11,Xelaev18016849m.g,-0.052435104915300665,5
2,leiden,svm,11,Xelaev18001105m.g,-0.05078396072996252,6
2,leiden,svm,11,esrrg.L,0.04594718128245171,7
2,leiden,svm,11,cplx1.S,0.04593323333859818,8
2,leiden,svm,11,hsp90aa1.1.L,-0.04576937552199322,9
2,leiden,svm,11,Xelaev18001106m.g,-0.04320076426359007,10
2,leiden,svm,11,sncb.S,0.04215631348069196,11
2,leiden,svm,11,atp1b3.L,0.041916724061858666,12
2,leiden,svm,11,txn.L,-0.04105194725453349,13
2,leiden,svm,11,cxcr4.S,-0.03980582075932674,14
2,leiden,svm,11,Xelaev18047460m.g,-0.03962634633650784,15
2,leiden,svm,11,sncb.L,0.03961643774940774,16
2,leiden,svm,11,loc100487364.L,0.03812353353052603,17
2,leiden,svm,11,Xelaev18005235m.g,-0.03780387104523321,18
2,leiden,svm,11,snap25.S,0.03754899775669504,19
2,leiden,svm,11,syp.L,0.03709281905818851,20
2,leiden,svm,11,slc18a3.L,0.035708920514043035,21
2,leiden,svm,11,fabp3.L,-0.03459481900871391,22
2,leiden,svm,11,paqr9.L,0.0335329321254322,23
2,leiden,svm,11,nova1.L,0.03336962152895083,24
2,leiden,svm,11,aldoc.L,0.03237709030738039,25
2,leiden,svm,11,Xelaev18009011m.g,-0.03231032066762015,26
2,leiden,svm,11,Xelaev18004547m.g,0.03217227583160456,27
2,leiden,svm,11,gng3.S,0.031029080075366155,28
2,leiden,svm,11,olfm4.L,-0.030524816680503237,29
2,leiden,svm,11,rrad.S,-0.029855483952544937,30
2,leiden,svm,11,col3a1.S,-0.0297056821541817,31
2,leiden,svm,11,olfm2.L,0.02915617822666547,32
2,leiden,svm,11,tfpi2.S,-0.02851209681784711,33
2,leiden,svm,11,col1a1.S,-0.02837112057269686,34
2,leiden,svm,11,Xelaev18029747m.g,-0.02835757119242401,35
2,leiden,svm,11,scg2.S,-0.02830790634770831,36
2,leiden,svm,11,nova1.S,0.027700937362227434,37
2,leiden,svm,11,chga.L,0.026551388060715303,38
2,leiden,svm,11,efcab10.like.L,-0.02647495152374515,39
2,leiden,svm,11,krt8.S,-0.026451870722567754,40
2,leiden,svm,11,elavl4.L,0.026363998241297263,41
2,leiden,svm,11,c11orf87.L,0.025907693839508018,42
2,leiden,svm,11,myf5.L,-0.025305448621170335,43
2,leiden,svm,11,Xelaev18022109m.g,0.025266292980606408,44
2,leiden,svm,11,ddc.L,-0.02513256647411544,45
2,leiden,svm,11,cda.L,-0.02506175876716603,46
2,leiden,svm,11,dnm1.S,0.024557117133635883,47
2,leiden,svm,11,eef1a2.S,-0.024506552280175863,48
2,leiden,svm,11,ddit3.L,-0.024503702237389458,49
2,leiden,svm,11,ndrg1.L,-0.02447798749067182,50
2,leiden,svm,11,crmp1.S,-0.024397219901826195,51
2,leiden,svm,11,ctsz.S,-0.024240433098930137,52
2,leiden,svm,11,atp6v0e2.S,0.024166440225359218,53
2,leiden,svm,11,myf5.S,-0.024109550081768308,54
2,leiden,svm,11,pvrl3.L,0.02404292661441037,55
2,leiden,svm,11,hpd.like.1.L,-0.024014701236922762,56
2,leiden,svm,11,Xelaev18047462m.g,-0.023571208225997693,57
2,leiden,svm,11,rbp1.S,-0.02346266812998973,58
2,leiden,svm,11,tac1.L,-0.023305694492207683,59
2,leiden,svm,11,gamt.L,-0.022962808184715557,60
2,leiden,svm,11,pkd2l1.L,-0.02287423342039838,61
2,leiden,svm,11,msi1.L,-0.02277067926931019,62
2,leiden,svm,11,Xetrov90018123m.L,-0.02270036001176556,63
2,leiden,svm,11,tusc3.L,0.022666895659505,64
2,leiden,svm,11,mtus1.L,-0.022494020782306674,65
2,leiden,svm,11,prima1.like.S,0.022314764014854778,66
2,leiden,svm,11,Xelaev18011601m.g,-0.021814242092171723,67
2,leiden,svm,11,basp1.L,0.02172114828908797,68
2,leiden,svm,11,mllt11.S,0.02171755386641381,69
2,leiden,svm,11,prph.L,-0.02165507772729643,70
2,leiden,svm,11,mgst3.L,0.021539722825404655,71
2,leiden,svm,11,actc1.L,-0.021469211232368078,72
2,leiden,svm,11,cst3.S,0.021381635509958,73
2,leiden,svm,11,krt18.S,-0.02130355451209683,74
2,leiden,svm,11,rtn1.L,-0.021255223866232905,75
2,leiden,svm,1,loc100049121.S,-0.9187241729711133,1
2,leiden,svm,1,ctsc.S,-0.9098879011818545,2
2,leiden,svm,1,Xelaev18001106m.g,-0.8847929813366909,3
2,leiden,svm,1,loc100496216.L,0.8815002580550604,4
2,leiden,svm,1,fbp1.L,-0.819362627864436,5
2,leiden,svm,1,Xelaev18018852m.g,-0.7765131368195908,6
2,leiden,svm,1,slc10a4.L,0.7510066233861294,7
2,leiden,svm,1,Xelaev18034626m.g,0.7423467237414647,8
2,leiden,svm,1,ctsl.L,-0.7279770935820915,9
2,leiden,svm,1,sncb.L,0.725900480574753,10
2,leiden,svm,1,reep1.L,0.7255052818017645,11
2,leiden,svm,1,rab11fip1.L,0.7219992600744719,12
2,leiden,svm,1,dpepe.L,-0.7186946482104095,13
2,leiden,svm,1,Xetrov90018212m.S,-0.7055122536674862,14
2,leiden,svm,1,Xelaev18001105m.g,-0.6991652816957378,15
2,leiden,svm,1,ak7.S,-0.6924883844098766,16
2,leiden,svm,1,loc100127564.L,0.6921580131759312,17
2,leiden,svm,1,loc100494945.S,-0.669241875256354,18
2,leiden,svm,1,mmp8.L,-0.6589887176385584,19
2,leiden,svm,1,dstn.S,-0.6543177048017123,20
2,leiden,svm,1,Xelaev18027311m.g,-0.6423668314820504,21
2,leiden,svm,1,stmn2.S,0.6101350997905038,22
2,leiden,svm,1,ereg.L,-0.6069936317412495,23
2,leiden,svm,1,ccl34.S,-0.606760423543575,24
2,leiden,svm,1,tuba4a.S,-0.6010221522490984,25
2,leiden,svm,1,col2a1.L,-0.5955007952552213,26
2,leiden,svm,1,pcp4.S,-0.5953777253826587,27
2,leiden,svm,1,Xelaev18045363m.g,-0.5927211996934313,28
2,leiden,svm,1,ctsc.L,0.5900833499332084,29
2,leiden,svm,1,loc100497528.S,-0.5751914826663954,30
2,leiden,svm,1,loc100497848.L,-0.573831798981175,31
2,leiden,svm,1,rtbdn.L,0.5722269932555544,32
2,leiden,svm,1,oxct1.L,-0.5711025603321783,33
2,leiden,svm,1,lgmn.L,-0.5693576248756391,34
2,leiden,svm,1,rab11b.2.L,-0.567743204630013,35
2,leiden,svm,1,sncb.S,-0.5665725356323077,36
2,leiden,svm,1,tubb3.S,-0.5625549037031325,37
2,leiden,svm,1,Xelaev18047608m.g,0.5562791441495418,38
2,leiden,svm,1,bmp4.S,-0.5476348691426484,39
2,leiden,svm,1,tmem38a.S,-0.5462762173810437,40
2,leiden,svm,1,Xelaev18040854m.g,-0.5443127448224809,41
2,leiden,svm,1,tubb3.L,0.5436428329283275,42
2,leiden,svm,1,nefm.L,0.5412036658315889,43
2,leiden,svm,1,secisbp2l.S,-0.5408976336438241,44
2,leiden,svm,1,pfkfb4.S,-0.5317863585346304,45
2,leiden,svm,1,loc100487364.L,-0.529045835426002,46
2,leiden,svm,1,mmp7.L,-0.5204343982370797,47
2,leiden,svm,1,lyg2.S,0.5201611464173712,48
2,leiden,svm,1,ccl5.S,-0.5192460025887885,49
2,leiden,svm,1,nr4a2.L,-0.5174900627351826,50
2,leiden,svm,1,Xelaev18015988m.g,-0.5087602182160389,51
2,leiden,svm,1,Xelaev18045096m.g,0.5082752265632074,52
2,leiden,svm,1,tuba1b.S,-0.5075353152253175,53
2,leiden,svm,1,enc1.2.L,-0.5021880396217371,54
2,leiden,svm,1,Xelaev18003790m.g,-0.49827084506603464,55
2,leiden,svm,1,loc101732654.like.L,0.4978813222960981,56
2,leiden,svm,1,Xelaev18047607m.g,-0.49740906419628644,57
2,leiden,svm,1,mgarp.L,-0.4824453027032105,58
2,leiden,svm,1,hsd3b7.L,-0.47253373458673786,59
2,leiden,svm,1,Xelaev18037839m.g,0.4654928827116107,60
2,leiden,svm,1,gng3.S,0.46423842445051955,61
2,leiden,svm,1,Xetrov90011361m.L,-0.46156827900305214,62
2,leiden,svm,1,Xelaev18032446m.g,-0.4558738731945541,63
2,leiden,svm,1,cxcr4.S,-0.4502505316752916,64
2,leiden,svm,1,Xetrov90001378m.S,0.44776316697873514,65
2,leiden,svm,1,kera.S,0.4473174800783313,66
2,leiden,svm,1,Xelaev18016080m.g,-0.4447639572911322,67
2,leiden,svm,1,tnnc2.L,-0.4441828526911645,68
2,leiden,svm,1,insig1.L,-0.43559034137287367,69
2,leiden,svm,1,Xelaev18045307m.g,-0.43345456151898953,70
2,leiden,svm,1,rdh10.L,0.4330520196665676,71
2,leiden,svm,1,tal1.L,0.4325898325728834,72
2,leiden,svm,1,loc100488697.L,-0.4325314639036117,73
2,leiden,svm,1,klf2.L,-0.4288497871284343,74
2,leiden,svm,1,actc1.L,-0.42827583619818166,75
2,leiden,svm,13,ptx3.S,0.2295797571315801,1
2,leiden,svm,13,cxcl12.L,0.19989156874735534,2
2,leiden,svm,13,vcan.L,0.19714828963734649,3
2,leiden,svm,13,sfrp2.S,0.17017727034695623,4
2,leiden,svm,13,sfrp2.L,0.16803252131089008,5
2,leiden,svm,13,lect1.L,-0.16635822232535566,6
2,leiden,svm,13,Xelaev18045052m.g,-0.15225890742658407,7
2,leiden,svm,13,enpp2.L,0.14661521711379685,8
2,leiden,svm,13,col8a1.L,-0.13931302498129472,9
2,leiden,svm,13,tnn.L,-0.13448440583391785,10
2,leiden,svm,13,col1a1.S,0.12567837591159625,11
2,leiden,svm,13,eln1.L,-0.12246042687363805,12
2,leiden,svm,13,tnfaip6.S,0.12066392248470217,13
2,leiden,svm,13,Xelaev18001105m.g,-0.118349804581723,14
2,leiden,svm,13,oxct1.L,0.11625053234301683,15
2,leiden,svm,13,gamt.L,-0.11023840905646169,16
2,leiden,svm,13,Xelaev18025819m.g,-0.10965126707902616,17
2,leiden,svm,13,ebf3.S,0.10947497218261655,18
2,leiden,svm,13,itgbl1.S,-0.10913542320445185,19
2,leiden,svm,13,ctgf.S,0.10758934429669692,20
2,leiden,svm,13,hpd.like.1.L,-0.10748333236959866,21
2,leiden,svm,13,Xetrov90011359m.L,-0.10350427151102744,22
2,leiden,svm,13,apoc1.like.L,-0.10186006231784667,23
2,leiden,svm,13,tnfaip6.L,0.10152220074654106,24
2,leiden,svm,13,lama1.L,0.10055793830821036,25
2,leiden,svm,13,mmp13l.S,-0.09990215315887753,26
2,leiden,svm,13,col9a3.L,-0.09881461639673514,27
2,leiden,svm,13,Xetrov90005752m.S,-0.0987681344015632,28
2,leiden,svm,13,tuba4a.S,-0.09402290806725244,29
2,leiden,svm,13,stc1.L,0.09318926802333918,30
2,leiden,svm,13,Xelaev18001106m.g,-0.08920094733603114,31
2,leiden,svm,13,col9a1.L,-0.0890018714196157,32
2,leiden,svm,13,col1a1.L,0.08780007407531258,33
2,leiden,svm,13,emilin3.L,-0.08404585506554353,34
2,leiden,svm,13,bgn.S,0.08361283753810632,35
2,leiden,svm,13,prelp.S,-0.08199353572537132,36
2,leiden,svm,13,bmp4.S,-0.08186172216168411,37
2,leiden,svm,13,Xelaev18030195m.g,0.08177632812438443,38
2,leiden,svm,13,mxra5.S,0.08084319231048466,39
2,leiden,svm,13,col11a2p1.S,-0.08039383136892812,40
2,leiden,svm,13,tspan7.S,-0.08037159059491736,41
2,leiden,svm,13,f13a1.S,-0.07981604522420425,42
2,leiden,svm,13,nkx3.2.S,-0.07976377861158213,43
2,leiden,svm,13,bmp2.L,-0.07929155658658134,44
2,leiden,svm,13,krt8.S,-0.07719917434468239,45
2,leiden,svm,13,aebp1.S,-0.07691091545188396,46
2,leiden,svm,13,myf5.L,-0.07510818127970484,47
2,leiden,svm,13,Xelaev18040322m.g,-0.07435817921753292,48
2,leiden,svm,13,col1a2.L,-0.07313677413786993,49
2,leiden,svm,13,Xetrov90018123m.L,-0.07302775032379233,50
2,leiden,svm,13,spon2.L,0.07276451581833947,51
2,leiden,svm,13,ptx3.L,0.07274648879167879,52
2,leiden,svm,13,cxcr4.S,-0.07086067754105463,53
2,leiden,svm,13,pax7.L,-0.07050026590688639,54
2,leiden,svm,13,serpine1.L,0.06973113522093055,55
2,leiden,svm,13,prrx1.L,-0.0694804876906611,56
2,leiden,svm,13,pdgfd.S,0.06829810762536134,57
2,leiden,svm,13,Xelaev18002501m.g,0.06798037402535943,58
2,leiden,svm,13,gpi.S,-0.0677194227873635,59
2,leiden,svm,13,ckm.L,-0.06707555151557569,60
2,leiden,svm,13,Xetrov90018212m.S,0.06673306253736004,61
2,leiden,svm,13,c7.S,0.06611522059071419,62
2,leiden,svm,13,myf5.S,-0.06590874855982184,63
2,leiden,svm,13,foxc2.S,0.06493527904509426,64
2,leiden,svm,13,tgfb2.L,-0.06489269386732291,65
2,leiden,svm,13,otos.L,-0.06477215250174863,66
2,leiden,svm,13,kpna2.S,-0.06451787267666224,67
2,leiden,svm,13,tmem144.L,-0.06392136480661173,68
2,leiden,svm,13,socs1.L,0.06383454104835065,69
2,leiden,svm,13,smad4.1.S,0.06336984177626594,70
2,leiden,svm,13,ly6g6c.L,-0.06316862258768954,71
2,leiden,svm,13,fabp3.L,-0.06313779217083393,72
2,leiden,svm,13,loc100485272.like.S,0.0630858313132137,73
2,leiden,svm,13,clec11a.S,0.06295143895155726,74
2,leiden,svm,13,ecm1.L,-0.06285670326458759,75
2,leiden,svm,4,Xelaev18016080m.g,0.2556055108634626,1
2,leiden,svm,4,apoc1.like.L,-0.19393204895551297,2
2,leiden,svm,4,Xetrov90018123m.L,-0.17581065865240408,3
2,leiden,svm,4,Xelaev18047460m.g,-0.1672772016914297,4
2,leiden,svm,4,crip1.L,-0.1572350363862952,5
2,leiden,svm,4,col1a2.S,0.15118330279405173,6
2,leiden,svm,4,col1a1.L,0.15110096478759816,7
2,leiden,svm,4,ctgf.L,-0.15022810917711596,8
2,leiden,svm,4,loc100490088.S,0.14376126425334135,9
2,leiden,svm,4,msx1.L,-0.14243184991319108,10
2,leiden,svm,4,msmb.3.L,0.1414568666689233,11
2,leiden,svm,4,timp.1.S,0.13958784229069338,12
2,leiden,svm,4,fos.S,-0.13905262856049394,13
2,leiden,svm,4,ly6g6c.L,-0.12484976148951883,14
2,leiden,svm,4,vwde.L,-0.12341877081876823,15
2,leiden,svm,4,angptl7.L,-0.12124416431051599,16
2,leiden,svm,4,Xelaev18047462m.g,-0.11985825045185348,17
2,leiden,svm,4,dlx3.S,-0.11514987478847695,18
2,leiden,svm,4,fn1.S,-0.11478689151621925,19
2,leiden,svm,4,bgn.S,-0.11384799539735385,20
2,leiden,svm,4,egfl6.L,-0.10871646545214853,21
2,leiden,svm,4,ecm1.L,-0.10798822481903236,22
2,leiden,svm,4,Xetrov90028350m.S,-0.10433929811433426,23
2,leiden,svm,4,Xelaev18009504m.g,-0.10205114675181608,24
2,leiden,svm,4,dlx5.S,-0.10147057347785146,25
2,leiden,svm,4,Xelaev18045052m.g,-0.10109971406945785,26
2,leiden,svm,4,loc549413.S,0.10029262642940646,27
2,leiden,svm,4,col1a1.S,0.09783516103927686,28
2,leiden,svm,4,Xelaev18027940m.g,-0.09584056101396722,29
2,leiden,svm,4,loc100494945.S,0.09444933177799274,30
2,leiden,svm,4,loc100049121.S,-0.09402262370746399,31
2,leiden,svm,4,bhlha9.S,-0.09386747399142953,32
2,leiden,svm,4,vcan.L,-0.09339719214359836,33
2,leiden,svm,4,frem2.1.L,-0.0912012326559348,34
2,leiden,svm,4,cxcl8.L,0.09024949262812297,35
2,leiden,svm,4,tuba4a.S,-0.08844062019493548,36
2,leiden,svm,4,fabp3.L,-0.08766564706002553,37
2,leiden,svm,4,Xelaev18045096m.g,-0.08761360012353042,38
2,leiden,svm,4,Xelaev18040855m.g,-0.08740438320112018,39
2,leiden,svm,4,ctsl.L,-0.08477031091225883,40
2,leiden,svm,4,Xelaev18045649m.g,-0.08416922537671559,41
2,leiden,svm,4,msx2.S,-0.08409959418786948,42
2,leiden,svm,4,cldn6.2.S,-0.08406477439787179,43
2,leiden,svm,4,Xelaev18047453m.g,-0.08335345088527076,44
2,leiden,svm,4,loc100127564.L,0.08133364655624864,45
2,leiden,svm,4,ctsz.S,-0.08111351573505982,46
2,leiden,svm,4,arg2.S,0.08075903933222084,47
2,leiden,svm,4,lyar.L,-0.08036070010803384,48
2,leiden,svm,4,krt18.L,-0.07896569689584981,49
2,leiden,svm,4,stc2.L,0.07892570907391618,50
2,leiden,svm,4,app.L,-0.07850218478501267,51
2,leiden,svm,4,fam83b.S,-0.07794718986934807,52
2,leiden,svm,4,prdm1.L,-0.07782744740621572,53
2,leiden,svm,4,bmp4.L,-0.07778253479177114,54
2,leiden,svm,4,c8orf4.S,-0.07649136582300253,55
2,leiden,svm,4,smad4.1.S,-0.07520783261879051,56
2,leiden,svm,4,col11a2p1.S,-0.0723844133835305,57
2,leiden,svm,4,Xelaev18038710m.g,-0.0722539918617537,58
2,leiden,svm,4,Xetrov90018212m.S,-0.07157688242172162,59
2,leiden,svm,4,Xelaev18011601m.g,-0.07054480032799454,60
2,leiden,svm,4,lyg2.S,-0.07013621464653756,61
2,leiden,svm,4,ndrg1.S,-0.06926733158400339,62
2,leiden,svm,4,got1.S,-0.06907241221745349,63
2,leiden,svm,4,epyc.S,-0.0690052661869725,64
2,leiden,svm,4,aebp1.S,-0.06867150761913625,65
2,leiden,svm,4,ednra.L,-0.06856487076936332,66
2,leiden,svm,4,jag2.L,-0.06812481512229374,67
2,leiden,svm,4,ch25h.S,0.067953476727795,68
2,leiden,svm,4,bmp4.S,-0.06730866520860275,69
2,leiden,svm,4,Xetrov90017730m.L,0.06730495609785413,70
2,leiden,svm,4,npc2.L,0.06706748269956804,71
2,leiden,svm,4,rbp1.L,-0.06700461009717357,72
2,leiden,svm,4,tnmd.L,-0.0664153951136383,73
2,leiden,svm,4,Xelaev18016074m.g,-0.06600544913328614,74
2,leiden,svm,4,Xetrov90005752m.L,-0.06596006178078258,75
2,leiden,svm,12,Xelaev18012141m.g,0.11539978593646934,1
2,leiden,svm,12,Xelaev18045052m.g,-0.10690283826422366,2
2,leiden,svm,12,Xelaev18015037m.g,0.10034053242698078,3
2,leiden,svm,12,col1a2.L,-0.08523839487703067,4
2,leiden,svm,12,umod.2.L,0.08293612827316615,5
2,leiden,svm,12,ly6g6c.L,-0.06568817398687812,6
2,leiden,svm,12,Xelaev18026753m.g,0.06534701637144326,7
2,leiden,svm,12,Xelaev18045096m.g,-0.06446696293397765,8
2,leiden,svm,12,Xelaev18022082m.g,0.06031915453509256,9
2,leiden,svm,12,loc100490489.L,0.05318728483948941,10
2,leiden,svm,12,Xelaev18047861m.g,0.052167213533039485,11
2,leiden,svm,12,krt16.L,-0.05116044716962293,12
2,leiden,svm,12,loc100490489.S,0.04899417513639208,13
2,leiden,svm,12,tuba4a.S,-0.04680291304412843,14
2,leiden,svm,12,Xelaev18047460m.g,-0.04653651928384021,15
2,leiden,svm,12,loc100495760.L,-0.045905851112752756,16
2,leiden,svm,12,loc101731311.L,-0.0454143448284136,17
2,leiden,svm,12,krt16.S,-0.04276458128217023,18
2,leiden,svm,12,agr2.S,0.04231920961977955,19
2,leiden,svm,12,Xelaev18040854m.g,-0.041828036668208154,20
2,leiden,svm,12,scnn1b.S,-0.04173144293974151,21
2,leiden,svm,12,fabp3.L,-0.03948892899938435,22
2,leiden,svm,12,degs3.S,0.03939304929740683,23
2,leiden,svm,12,rab19.L,-0.03861575814587414,24
2,leiden,svm,12,Xelaev18022490m.g,0.03833569885801257,25
2,leiden,svm,12,loc100494945.L,-0.037465959833853944,26
2,leiden,svm,12,s100a11.S,-0.037299879613394364,27
2,leiden,svm,12,sp8.L,-0.0370780394550954,28
2,leiden,svm,12,fam83b.S,-0.03653676673234182,29
2,leiden,svm,12,ckm.L,-0.03653266363337724,30
2,leiden,svm,12,Xelaev18016451m.g,0.035978183853412164,31
2,leiden,svm,12,Xelaev18011399m.g,0.035898210174400216,32
2,leiden,svm,12,col3a1.S,-0.03573480986779761,33
2,leiden,svm,12,Xelaev18037830m.g,0.03479759779616372,34
2,leiden,svm,12,Xelaev18034081m.g,-0.03477419750650128,35
2,leiden,svm,12,rhcg.L,0.03476540278287069,36
2,leiden,svm,12,grhl1.L,0.03422393470314806,37
2,leiden,svm,12,Xetrov90011361m.L,0.03408999112042962,38
2,leiden,svm,12,Xelaev18001106m.g,-0.03386087213247472,39
2,leiden,svm,12,Xelaev18001105m.g,-0.03307517003665526,40
2,leiden,svm,12,mtus1.L,-0.032769465872638896,41
2,leiden,svm,12,Xelaev18012120m.g,0.032295833021445036,42
2,leiden,svm,12,Xelaev18028467m.g,0.032133235042864236,43
2,leiden,svm,12,loc101732853.L,0.031754369111027754,44
2,leiden,svm,12,Xelaev18047462m.g,-0.031567851222918254,45
2,leiden,svm,12,mal.L,0.030828559979475444,46
2,leiden,svm,12,Xelaev18026570m.g,0.030649464044774664,47
2,leiden,svm,12,otog.S,0.03005965891600852,48
2,leiden,svm,12,oxct1.L,-0.02999143112118432,49
2,leiden,svm,12,MGC75752.L,-0.02891936523984299,50
2,leiden,svm,12,hpd.like.1.L,-0.028769261422088167,51
2,leiden,svm,12,loc549413.L,0.02844785747989686,52
2,leiden,svm,12,pck1.L,-0.02821008265384848,53
2,leiden,svm,12,lgmn.L,0.028064085999046078,54
2,leiden,svm,12,col1a1.L,-0.02800867179954831,55
2,leiden,svm,12,g6pc2.L,-0.027846898817231205,56
2,leiden,svm,12,muc4.S,0.02748560561205941,57
2,leiden,svm,12,atp6v1d.S,-0.027475735046865634,58
2,leiden,svm,12,loc101735282.S,0.02736855152772269,59
2,leiden,svm,12,ifi30.L,0.027154189947132618,60
2,leiden,svm,12,gamt.L,-0.02713482991585076,61
2,leiden,svm,12,Xelaev18047452m.g,-0.027002158001813336,62
2,leiden,svm,12,myf5.S,-0.02687755612140897,63
2,leiden,svm,12,myf5.L,-0.026861935830735068,64
2,leiden,svm,12,cmahp.L,0.026832132696190697,65
2,leiden,svm,12,loc100497338.like.L,-0.025921942457725843,66
2,leiden,svm,12,Xelaev18035220m.g,0.02577298674999368,67
2,leiden,svm,12,prss8,-0.025435607955366084,68
2,leiden,svm,12,loc101735282.L,0.025173316317366447,69
2,leiden,svm,12,actc1.L,-0.025130173093948553,70
2,leiden,svm,12,Xelaev18038704m.g,0.025048395800642536,71
2,leiden,svm,12,loc101730754.L,0.024803058256612578,72
2,leiden,svm,12,upk3a.L,0.024762210596984146,73
2,leiden,svm,12,Xelaev18047453m.g,-0.02424698335675572,74
2,leiden,svm,12,loc100492325.like.2.L,0.024189506508384456,75
2,leiden,svm,16,col1a2.L,-0.08552801230580305,1
2,leiden,svm,16,Xelaev18045096m.g,-0.08461896902061777,2
2,leiden,svm,16,slurp1l.S,-0.08378110965094275,3
2,leiden,svm,16,Xelaev18018852m.g,0.08150436542040665,4
2,leiden,svm,16,loc100493999.like.S,0.08087866163750448,5
2,leiden,svm,16,Xelaev18045052m.g,-0.07856079708150199,6
2,leiden,svm,16,loc100493999.like.L,0.07345879664859441,7
2,leiden,svm,16,ccl5.S,-0.07152320234968666,8
2,leiden,svm,16,col1a1.S,-0.06216182012857677,9
2,leiden,svm,16,cst7.L,0.06129259857531634,10
2,leiden,svm,16,Xelaev18010301m.g,0.060816527492523004,11
2,leiden,svm,16,apoc1.like.L,-0.056127291877674006,12
2,leiden,svm,16,Xelaev18047460m.g,-0.053656683735476454,13
2,leiden,svm,16,Xelaev18015576m.g,0.05059189353007607,14
2,leiden,svm,16,txn.L,-0.05028035722597654,15
2,leiden,svm,16,sla.L,0.047895056822097375,16
2,leiden,svm,16,Xelaev18021482m.g,0.04609055880720147,17
2,leiden,svm,16,lyg2.S,-0.0459214652772592,18
2,leiden,svm,16,basp1.S,0.04515607419729707,19
2,leiden,svm,16,fabp3.L,-0.04468219300706765,20
2,leiden,svm,16,tuba4a.S,-0.04461822005390571,21
2,leiden,svm,16,Xelaev18039168m.g,0.044575396536998504,22
2,leiden,svm,16,Xelaev18014969m.g,0.04411888997766967,23
2,leiden,svm,16,Xelaev18042718m.g,0.042450337735391676,24
2,leiden,svm,16,mmp7.L,-0.04105616844169255,25
2,leiden,svm,16,col1a1.L,-0.039650842409872954,26
2,leiden,svm,16,crip1.L,0.039364230958720055,27
2,leiden,svm,16,gata3.S,0.03869838013796984,28
2,leiden,svm,16,col3a1.S,-0.03841636137849213,29
2,leiden,svm,16,il18r1.L,0.036442599471689596,30
2,leiden,svm,16,krt18.L,-0.036150880623114,31
2,leiden,svm,16,MGC75752.L,-0.03579910242134035,32
2,leiden,svm,16,ctsl.L,0.03558801552632343,33
2,leiden,svm,16,loc100496720.L,0.035361749787051894,34
2,leiden,svm,16,il4r.S,0.034853390891449565,35
2,leiden,svm,16,selplg.like.L,0.03389010168492432,36
2,leiden,svm,16,loc100495760.S,0.03383220864267762,37
2,leiden,svm,16,Xetrov90018123m.L,-0.03355751825715362,38
2,leiden,svm,16,krt12.L,-0.033323544892225464,39
2,leiden,svm,16,Xelaev18005157m.g,-0.03286319741363214,40
2,leiden,svm,16,rgs1.L,0.032729179240429916,41
2,leiden,svm,16,Xelaev18001106m.g,-0.03218430609051369,42
2,leiden,svm,16,gata3.L,0.031702184458271734,43
2,leiden,svm,16,lta4h.L,-0.03159553532704628,44
2,leiden,svm,16,prtn3.S,-0.031065286229881264,45
2,leiden,svm,16,mmp8.L,-0.03098117616980923,46
2,leiden,svm,16,rab27a.L,0.03051958864983088,47
2,leiden,svm,16,socs1.L,0.03043319745185085,48
2,leiden,svm,16,spib.L,0.030146463610793536,49
2,leiden,svm,16,loc101734073.L,0.029980667957351263,50
2,leiden,svm,16,aldob.S,0.02978376084327113,51
2,leiden,svm,16,loc100049121.S,-0.029269637566791365,52
2,leiden,svm,16,gamt.L,-0.029096634415064198,53
2,leiden,svm,16,ddit4.S,0.02847778912253671,54
2,leiden,svm,16,Xelaev18047462m.g,-0.028182447643600624,55
2,leiden,svm,16,myf5.S,-0.027839605876296906,56
2,leiden,svm,16,hpd.like.1.L,-0.02776192478686615,57
2,leiden,svm,16,mpo.L,-0.027587583111181032,58
2,leiden,svm,16,loc100490589.S,0.027499511562829367,59
2,leiden,svm,16,rgs1.S,0.027196372667043653,60
2,leiden,svm,16,gzma.L,-0.02693077504042821,61
2,leiden,svm,16,fos.S,-0.026873443513419207,62
2,leiden,svm,16,angptl7.L,-0.026404412401374623,63
2,leiden,svm,16,ckm.L,-0.026327847049307417,64
2,leiden,svm,16,Xelaev18026267m.g,-0.026174936249834087,65
2,leiden,svm,16,cxcr4.S,0.02589211146808167,66
2,leiden,svm,16,Xelaev18040740m.g,0.025522559196774444,67
2,leiden,svm,16,col2a1.L,-0.024960435032143433,68
2,leiden,svm,16,ctsg.S,0.024874426939668928,69
2,leiden,svm,16,bcl2l10.S,0.024306312762619707,70
2,leiden,svm,16,loc100486241.L,-0.024265477081598485,71
2,leiden,svm,16,kctd12.S,0.02387870528097809,72
2,leiden,svm,16,actc1.L,-0.023675230307502182,73
2,leiden,svm,16,myf5.L,-0.023651147190205824,74
2,leiden,svm,16,Xelaev18018009m.g,-0.02362443345944253,75
2,leiden,svm,10,Xetrov90018123m.L,0.5740079394994084,1
2,leiden,svm,10,Xelaev18016074m.g,0.3732535718766148,2
2,leiden,svm,10,cotl1.L,0.26906823433462046,3
2,leiden,svm,10,loc100490489.L,0.26264014732033825,4
2,leiden,svm,10,col1a2.L,-0.2579594799431937,5
2,leiden,svm,10,hs3st1.L,0.2524001646962425,6
2,leiden,svm,10,npc2.L,-0.2479589950006811,7
2,leiden,svm,10,c3.L,-0.24734175320283386,8
2,leiden,svm,10,Xelaev18040854m.g,-0.2381472145322795,9
2,leiden,svm,10,mtus1.L,-0.23656409410010276,10
2,leiden,svm,10,atp6v0b.S,-0.2114133391508469,11
2,leiden,svm,10,mmp3.L,-0.20593750162798916,12
2,leiden,svm,10,col2a1.L,-0.20316036773232757,13
2,leiden,svm,10,ccl21.S,0.20242497312495317,14
2,leiden,svm,10,loc100494786.S,-0.19831046092016727,15
2,leiden,svm,10,krt.S,-0.19788138044298037,16
2,leiden,svm,10,angptl7.L,0.19601583854226962,17
2,leiden,svm,10,Xetrov90018123m.S,0.19267352813841954,18
2,leiden,svm,10,loc100489129.L,-0.19143564677990424,19
2,leiden,svm,10,MGC75752.S,-0.19090315791702298,20
2,leiden,svm,10,loc100137672.S,-0.1869971768457402,21
2,leiden,svm,10,timp.1.S,-0.18680493284626742,22
2,leiden,svm,10,pla2g16.L,-0.18678464562147654,23
2,leiden,svm,10,jag2.L,0.1863445478470418,24
2,leiden,svm,10,Xetrov90028350m.S,0.1846496991900031,25
2,leiden,svm,10,vwde.L,0.1812041913036963,26
2,leiden,svm,10,Xelaev18017960m.g,-0.17924318965494365,27
2,leiden,svm,10,dpt.S,-0.1782255340001021,28
2,leiden,svm,10,Xelaev18036218m.g,-0.17744436597831806,29
2,leiden,svm,10,Xetrov90017730m.L,-0.17614707677246472,30
2,leiden,svm,10,loc100490088.L,-0.17226195434777636,31
2,leiden,svm,10,slurp1l.S,-0.17126880876406336,32
2,leiden,svm,10,loc101735282.L,-0.1686761085942567,33
2,leiden,svm,10,Xelaev18026267m.g,-0.16442515850144854,34
2,leiden,svm,10,ndrg1.S,0.1603150991649092,35
2,leiden,svm,10,dlx2.L,-0.15986210459951752,36
2,leiden,svm,10,ppp1r3c.2.S,0.15809269179275096,37
2,leiden,svm,10,loc100494945.S,-0.1571435284191784,38
2,leiden,svm,10,loc100049121.S,0.1571413410422162,39
2,leiden,svm,10,Xelaev18034626m.g,0.15704524728758046,40
2,leiden,svm,10,barx2.L,-0.15597360732077128,41
2,leiden,svm,10,Xetrov90005752m.L,-0.15392144804683094,42
2,leiden,svm,10,Xelaev18045307m.g,-0.1537990380737554,43
2,leiden,svm,10,Xelaev18001105m.g,-0.15100496413030615,44
2,leiden,svm,10,Xelaev18032450m.g,-0.1509509024679,45
2,leiden,svm,10,agr2.S,-0.14825718411163877,46
2,leiden,svm,10,bmp4.S,0.14772577828247346,47
2,leiden,svm,10,Xelaev18016080m.g,0.14746350966679336,48
2,leiden,svm,10,optc.S,-0.14722332405347432,49
2,leiden,svm,10,bmp2.L,-0.14652178083679998,50
2,leiden,svm,10,rbp1.L,0.1460170066222805,51
2,leiden,svm,10,gpi.S,-0.14582081822947943,52
2,leiden,svm,10,ifi30.S,-0.1448845970569083,53
2,leiden,svm,10,insig1.L,-0.14298025983595822,54
2,leiden,svm,10,bmp7.1.L,-0.14277872237023642,55
2,leiden,svm,10,epn3.S,0.1408984692116797,56
2,leiden,svm,10,Xelaev18047462m.g,-0.14038363695235645,57
2,leiden,svm,10,stap2.like.S,0.1397896011335244,58
2,leiden,svm,10,fgfr4.L,-0.13965082119576516,59
2,leiden,svm,10,stc2.L,-0.1395346203348007,60
2,leiden,svm,10,loc100494515.like.S,0.13928887523687594,61
2,leiden,svm,10,tkt.S,0.13885553731569356,62
2,leiden,svm,10,efcab10.like.L,-0.1385417418337783,63
2,leiden,svm,10,loc100487364.L,-0.13812728976977842,64
2,leiden,svm,10,sfrp2.L,0.13733732984187536,65
2,leiden,svm,10,tmem30b.L,-0.13633865110158433,66
2,leiden,svm,10,hes2.L,-0.13532977033488366,67
2,leiden,svm,10,kpna2.S,-0.13477843578627788,68
2,leiden,svm,10,glul.like.1.L,-0.13419821497454001,69
2,leiden,svm,10,fgfbp1.S,-0.13407360270166233,70
2,leiden,svm,10,slc38a4.L,-0.13291542942511622,71
2,leiden,svm,10,krt19.L,0.1309612306455943,72
2,leiden,svm,10,Xelaev18014623m.g,0.13072556828354265,73
2,leiden,svm,10,ctgf.L,0.13069007534241256,74
2,leiden,svm,10,ckm.S,0.13046508074119387,75
2,leiden,svm,8,gng3.L,0.7977018450333466,1
2,leiden,svm,8,loc100137715.S,0.7752999394872493,2
2,leiden,svm,8,Xelaev18045363m.g,0.705138642465797,3
2,leiden,svm,8,txn.L,-0.6351073406812466,4
2,leiden,svm,8,enc1.2.L,0.6144600369014777,5
2,leiden,svm,8,loc100493999.like.L,-0.5633297442614197,6
2,leiden,svm,8,fabp3.L,-0.5549555772460725,7
2,leiden,svm,8,lgmn.L,0.5450572099304698,8
2,leiden,svm,8,ranbp3l.like.L,0.5420253199069546,9
2,leiden,svm,8,Xelaev18034626m.g,-0.53974529895565,10
2,leiden,svm,8,tnnc2.S,-0.5335434676761024,11
2,leiden,svm,8,lect1.L,-0.5237315348758257,12
2,leiden,svm,8,loc101732654.like.L,-0.5221350271985665,13
2,leiden,svm,8,Xelaev18045301m.g,-0.5124773004253399,14
2,leiden,svm,8,Xelaev18015988m.g,0.5095038731683721,15
2,leiden,svm,8,tnni2.L,0.5088318041284982,16
2,leiden,svm,8,phyhipl.S,-0.5015666772119147,17
2,leiden,svm,8,ccl42d.L,-0.49968752032154456,18
2,leiden,svm,8,Xelaev18003790m.g,0.497166795289071,19
2,leiden,svm,8,tuba4a.S,-0.49524785391883697,20
2,leiden,svm,8,cfb.L,0.4907525122682692,21
2,leiden,svm,8,kpna2.S,0.4854392120262958,22
2,leiden,svm,8,rab19.L,-0.48433621834717666,23
2,leiden,svm,8,irf7.L,-0.48420696659774126,24
2,leiden,svm,8,rab11fip1.L,-0.4781813906264054,25
2,leiden,svm,8,grn.L,0.44768615963183045,26
2,leiden,svm,8,qdpr.L,0.4408110275679942,27
2,leiden,svm,8,Xelaev18026267m.g,-0.4356531530870998,28
2,leiden,svm,8,loc100127564.L,-0.4335991348221348,29
2,leiden,svm,8,cystm1.S,-0.43161398258087935,30
2,leiden,svm,8,Xelaev18047462m.g,-0.4260990328124115,31
2,leiden,svm,8,tnnc2.L,0.4237568113085759,32
2,leiden,svm,8,cldn6.2.S,-0.42207149650245956,33
2,leiden,svm,8,col1a2.L,0.42161581156379574,34
2,leiden,svm,8,Xelaev18011601m.g,-0.41868690209460085,35
2,leiden,svm,8,mmp9.S,-0.40881424379461623,36
2,leiden,svm,8,reep1.L,-0.4050695508948753,37
2,leiden,svm,8,bmp4.S,0.4043804752159165,38
2,leiden,svm,8,mmp8.L,0.4041519702199907,39
2,leiden,svm,8,tnni2.S,-0.4020301542058359,40
2,leiden,svm,8,fbp1.L,0.4005603255880123,41
2,leiden,svm,8,ccl4.L,0.3995351542381008,42
2,leiden,svm,8,gp1bb.S,0.38825261945236467,43
2,leiden,svm,8,loc100490088.L,0.38083593921666864,44
2,leiden,svm,8,atp6v0b.S,-0.3784818982294085,45
2,leiden,svm,8,timp.1.S,-0.3760558371355543,46
2,leiden,svm,8,pck1.L,0.3709400647295572,47
2,leiden,svm,8,tmem35.L,0.3707768644709204,48
2,leiden,svm,8,col9a3.L,0.3679463475021519,49
2,leiden,svm,8,upk3a.L,-0.36770908510303657,50
2,leiden,svm,8,nr4a2.S,0.36746069943636317,51
2,leiden,svm,8,Xelaev18047460m.g,-0.3650607026025054,52
2,leiden,svm,8,dstn.S,0.36367425127536185,53
2,leiden,svm,8,Xelaev18043641m.g,-0.3625117648087765,54
2,leiden,svm,8,crhbp.S,0.3618180175672504,55
2,leiden,svm,8,loc100494786.S,-0.35466693594072746,56
2,leiden,svm,8,klhl31.L,0.35315937624415883,57
2,leiden,svm,8,ctsl.L,0.35255144145314826,58
2,leiden,svm,8,Xelaev18045307m.g,0.3514201865513821,59
2,leiden,svm,8,tspan32.L,0.35107435836982814,60
2,leiden,svm,8,tspan7.L,0.34889064448031204,61
2,leiden,svm,8,loc100494822.S,-0.34773432527710446,62
2,leiden,svm,8,serpini1.L,0.34608621178942683,63
2,leiden,svm,8,hsp90aa1.1.L,-0.34584216291378556,64
2,leiden,svm,8,fkbp1b.L,-0.33861501611543937,65
2,leiden,svm,8,insig1.L,0.33823704350479944,66
2,leiden,svm,8,hey1.L,-0.3369221709504084,67
2,leiden,svm,8,gzmh.S,0.33569053084048095,68
2,leiden,svm,8,clec11a.S,-0.3347934183565775,69
2,leiden,svm,8,lfng.S,-0.3339596369493552,70
2,leiden,svm,8,Xelaev18001105m.g,0.33364818687557907,71
2,leiden,svm,8,pfkfb4.S,0.33166132351023864,72
2,leiden,svm,8,myf5.L,-0.33044602896096625,73
2,leiden,svm,8,pmp2.L,0.3278561413167554,74
2,leiden,svm,8,fn1.S,0.32500559145996993,75
2,leiden,svm,14,apoc1.like.L,-0.13389131732891138,1
2,leiden,svm,14,loc100487364.L,0.132910216070103,2
2,leiden,svm,14,prss57.S,-0.13189499191946505,3
2,leiden,svm,14,col1a2.L,-0.12687043956881003,4
2,leiden,svm,14,il1r2.L,0.12656052419039185,5
2,leiden,svm,14,cxcr3L..S,-0.11846785554367345,6
2,leiden,svm,14,alox5.L,0.11423866115535089,7
2,leiden,svm,14,loc100145516.L,-0.10770919088210416,8
2,leiden,svm,14,rab27a.L,-0.10443274641971005,9
2,leiden,svm,14,lyg2.S,0.1023290855388466,10
2,leiden,svm,14,cyba.L,0.10190210669169601,11
2,leiden,svm,14,crp.4.L,0.10102350162683489,12
2,leiden,svm,14,mpo.L,-0.09899486874857255,13
2,leiden,svm,14,MGC75752.L,-0.09834311508100503,14
2,leiden,svm,14,Xelaev18027940m.g,0.09695928234113081,15
2,leiden,svm,14,pmp2.S,-0.09276635439215514,16
2,leiden,svm,14,Xelaev18035512m.g,0.08600627382343808,17
2,leiden,svm,14,loc101733140.L,0.08375320755400774,18
2,leiden,svm,14,loc100493999.like.S,-0.08245655215876437,19
2,leiden,svm,14,serpinb1.L,0.08118979381296616,20
2,leiden,svm,14,loc101731250.S,-0.0809935577558534,21
2,leiden,svm,14,cfb.L,-0.08023198434414658,22
2,leiden,svm,14,ccr3.L,0.0794427407683561,23
2,leiden,svm,14,slurp1l.S,0.07920522134727781,24
2,leiden,svm,14,loc100490489.S,-0.07855315888879488,25
2,leiden,svm,14,lgals9c.S,-0.07800618453204833,26
2,leiden,svm,14,Xelaev18012028m.g,0.07800040967402087,27
2,leiden,svm,14,atp6v1d.S,-0.0771757913385779,28
2,leiden,svm,14,Xelaev18040855m.g,-0.07576592013723346,29
2,leiden,svm,14,rgs1.S,0.07536345028113646,30
2,leiden,svm,14,Xelaev18045096m.g,-0.07449484218769038,31
2,leiden,svm,14,tnf.L,0.07420878020071296,32
2,leiden,svm,14,pgd.S,-0.07332137514577725,33
2,leiden,svm,14,Xelaev18001105m.g,-0.07323017074560029,34
2,leiden,svm,14,fbp1.L,0.07305956581033315,35
2,leiden,svm,14,Xelaev18001106m.g,-0.07300044708606701,36
2,leiden,svm,14,il1b.L,0.07282656965227635,37
2,leiden,svm,14,loc100495760.L,0.07078545106304919,38
2,leiden,svm,14,loc100493006.L,-0.07061757166343696,39
2,leiden,svm,14,mmp25.L,-0.07045148232575307,40
2,leiden,svm,14,pmp2.L,-0.0700401889149844,41
2,leiden,svm,14,asah1.L,0.0691220749482867,42
2,leiden,svm,14,nadk.S,-0.0691123942217612,43
2,leiden,svm,14,unnamed.L.13,0.06900147041866994,44
2,leiden,svm,14,mmp9.S,-0.06865687802631906,45
2,leiden,svm,14,dpepe.L,0.06821028379380367,46
2,leiden,svm,14,loc100490587.L,-0.0681882164036886,47
2,leiden,svm,14,ptx3.L,0.06704267978587168,48
2,leiden,svm,14,loc100493999.like.L,-0.06612596184152701,49
2,leiden,svm,14,Xelaev18036272m.g,0.0659030423725914,50
2,leiden,svm,14,Xetrov90018212m.S,0.06539949671895597,51
2,leiden,svm,14,fos.S,-0.06464178185722841,52
2,leiden,svm,14,Xetrov90011359m.L,-0.06443124289889822,53
2,leiden,svm,14,il18rap.L,-0.0639688191846294,54
2,leiden,svm,14,Xelaev18038248m.g,0.0634035777702106,55
2,leiden,svm,14,art5.L,-0.06309841644836953,56
2,leiden,svm,14,fabp4.S,-0.06302134415317902,57
2,leiden,svm,14,cdk1.S,0.0628940908298163,58
2,leiden,svm,14,irf7.L,-0.062296443291606614,59
2,leiden,svm,14,xilr2.L,-0.06190703068867867,60
2,leiden,svm,14,suclg2.L,0.06186898382054994,61
2,leiden,svm,14,lta4h.L,0.06163495252521773,62
2,leiden,svm,14,tnfaip2.L,0.06131059107719901,63
2,leiden,svm,14,loc101734588.S,-0.05897136672314819,64
2,leiden,svm,14,ccl34.L,0.05769232920941928,65
2,leiden,svm,14,loc100487808.L,-0.05765976423721486,66
2,leiden,svm,14,fabp3.L,-0.057511044480331265,67
2,leiden,svm,14,mmp7.L,-0.05701373997723977,68
2,leiden,svm,14,camp1.L,-0.05644522017564672,69
2,leiden,svm,14,loc100494786.S,-0.05604212457162608,70
2,leiden,svm,14,tcn2.L,-0.055971645808655754,71
2,leiden,svm,14,cd53.S,-0.05563164019804214,72
2,leiden,svm,14,plek.L,-0.05503405051638407,73
2,leiden,svm,14,hapln1.L,-0.054267661678021654,74
2,leiden,svm,14,dstn.S,0.05415925578457243,75
2,leiden,svm,6,Xelaev18045052m.g,-0.10454467700975606,1
2,leiden,svm,6,col1a2.L,-0.0973163610168114,2
2,leiden,svm,6,loc100490646.L,0.0754354081728885,3
2,leiden,svm,6,fabp3.L,-0.0723250728904586,4
2,leiden,svm,6,Xelaev18045096m.g,-0.06817029738078356,5
2,leiden,svm,6,loc100490646.S,0.0653120622914685,6
2,leiden,svm,6,krt18.S,0.06239217509264283,7
2,leiden,svm,6,Xelaev18040855m.g,-0.05730922131250353,8
2,leiden,svm,6,cxcr4.S,0.056138914037035456,9
2,leiden,svm,6,c17orf58.L,0.05484204572752043,10
2,leiden,svm,6,hes5.2.L,0.05370834913135801,11
2,leiden,svm,6,Xelaev18047460m.g,-0.048871151201275914,12
2,leiden,svm,6,Xelaev18001106m.g,-0.048867585001829236,13
2,leiden,svm,6,cldn5.L,0.04834422791745711,14
2,leiden,svm,6,hoxb9.S,0.04710536235029189,15
2,leiden,svm,6,crip1.L,0.046461066951196596,16
2,leiden,svm,6,fabp7.L,0.04440344497015336,17
2,leiden,svm,6,Xelaev18024815m.g,0.04392767295003257,18
2,leiden,svm,6,Xetrov90011359m.L,0.04173959139131546,19
2,leiden,svm,6,krt8.S,0.039756900198836306,20
2,leiden,svm,6,Xelaev18047462m.g,-0.03890805402405638,21
2,leiden,svm,6,efcab10.like.L,0.037728934212760475,22
2,leiden,svm,6,ak7.S,0.03755398582593133,23
2,leiden,svm,6,col9a1.L,-0.03714258074746384,24
2,leiden,svm,6,cxcr4.L,0.036836504610904465,25
2,leiden,svm,6,mtus1.L,-0.036677245736003956,26
2,leiden,svm,6,duox1.L,0.03611094133013854,27
2,leiden,svm,6,ckm.L,-0.036091848112542846,28
2,leiden,svm,6,loc100497528.S,0.035311573102732564,29
2,leiden,svm,6,slc1a3.S,0.035011562018936626,30
2,leiden,svm,6,hpd.like.1.L,-0.03442910777535834,31
2,leiden,svm,6,cst3.S,0.03398154450096882,32
2,leiden,svm,6,slc1a3.L,0.03388251454753759,33
2,leiden,svm,6,Xelaev18016080m.g,0.03370164796408655,34
2,leiden,svm,6,myt1.L,-0.03325879624428338,35
2,leiden,svm,6,vcan.L,0.03323868832566158,36
2,leiden,svm,6,col9a3.L,-0.03306448473560245,37
2,leiden,svm,6,sall1.L,0.032995783973135503,38
2,leiden,svm,6,loc101731328.L,-0.032615310906000415,39
2,leiden,svm,6,cdh3.S,0.03240597438642404,40
2,leiden,svm,6,col3a1.S,-0.031225805526177534,41
2,leiden,svm,6,Xelaev18001105m.g,-0.031144481688112093,42
2,leiden,svm,6,Xelaev18021562m.g,-0.03099973305080181,43
2,leiden,svm,6,frem2.1.L,-0.030662680318411118,44
2,leiden,svm,6,tuba4a.S,-0.03061863058152994,45
2,leiden,svm,6,MGC75752.L,-0.03023757405960721,46
2,leiden,svm,6,Xelaev18047453m.g,-0.030230276907457852,47
2,leiden,svm,6,foxj1.S,0.030076971630238154,48
2,leiden,svm,6,fn1.S,-0.029775912592307496,49
2,leiden,svm,6,hes5.2.S,0.029769510454446493,50
2,leiden,svm,6,angptl7.L,-0.029725136380988455,51
2,leiden,svm,6,Xelaev18018009m.g,-0.029450497200096785,52
2,leiden,svm,6,actc1.L,-0.029005123955842187,53
2,leiden,svm,6,hey1.L,-0.02894528954280475,54
2,leiden,svm,6,bcan.L,0.02872596798029595,55
2,leiden,svm,6,loc100495280.L,0.028324224317574604,56
2,leiden,svm,6,Xetrov90018123m.L,-0.028110961292462176,57
2,leiden,svm,6,loc100494945.S,-0.028097345987573265,58
2,leiden,svm,6,c1orf158.L,0.02807158852307598,59
2,leiden,svm,6,hes9.2.L,0.02762952618993632,60
2,leiden,svm,6,timp.1.S,-0.027375270784134934,61
2,leiden,svm,6,tubb3.L,-0.026418054237998628,62
2,leiden,svm,6,ptn.L,0.026303358655670055,63
2,leiden,svm,6,wdr16.L,0.026288574624376088,64
2,leiden,svm,6,ctsz.S,-0.025465250257890294,65
2,leiden,svm,6,npr3.L,0.02540538638344229,66
2,leiden,svm,6,pih1d3.L,0.02517366097722866,67
2,leiden,svm,6,c15orf26.L,0.025106560595755483,68
2,leiden,svm,6,loc100490088.S,-0.025103144977528802,69
2,leiden,svm,6,lgmn.L,-0.02467198975105742,70
2,leiden,svm,6,hes8.S,0.02462235219926682,71
2,leiden,svm,6,gdf10.L,0.024534805621444836,72
2,leiden,svm,6,ccdc173.L,0.024304760275327124,73
2,leiden,svm,6,ifitm10.S,-0.02412206709116089,74
2,leiden,svm,6,loc100494786.S,0.0240346741336469,75
2,leiden,svm,18,slurp1l.S,0.16370579045706016,1
2,leiden,svm,18,loc100127750.L,0.09945253784117597,2
2,leiden,svm,18,Xelaev18018852m.g,-0.08409585847696702,3
2,leiden,svm,18,ccl5.S,0.08394993240083921,4
2,leiden,svm,18,il2rg.L,0.08133296509639154,5
2,leiden,svm,18,Xelaev18045096m.g,-0.0776216322628722,6
2,leiden,svm,18,col1a2.L,-0.07654524807989853,7
2,leiden,svm,18,Xelaev18015058m.g,0.07592968664606385,8
2,leiden,svm,18,bcl11b.L,0.07173742225088196,9
2,leiden,svm,18,irf7.L,0.07099983158124991,10
2,leiden,svm,18,Xelaev18001105m.g,-0.06494929215639461,11
2,leiden,svm,18,Xelaev18045052m.g,-0.06458164295979016,12
2,leiden,svm,18,sept6.L,0.06345566777610108,13
2,leiden,svm,18,Xelaev18010301m.g,-0.059654167541140085,14
2,leiden,svm,18,nr4a2.L,0.05547992101989281,15
2,leiden,svm,18,Xelaev18042718m.g,-0.054744497694226284,16
2,leiden,svm,18,loc100493999.like.L,0.05448320291841925,17
2,leiden,svm,18,ccl34.S,-0.054097455233396104,18
2,leiden,svm,18,fabp3.L,-0.053998306351770727,19
2,leiden,svm,18,cd3g.S,0.05359614005061087,20
2,leiden,svm,18,loc100495760.S,-0.05294992670783055,21
2,leiden,svm,18,dstn.S,0.052253243963015096,22
2,leiden,svm,18,timp.1.S,-0.04986432215844948,23
2,leiden,svm,18,lta4h.L,-0.04943526799083407,24
2,leiden,svm,18,epx.L,-0.04888318133737082,25
2,leiden,svm,18,loc101734738.L,0.047151690864812704,26
2,leiden,svm,18,Xetrov90011359m.L,0.04518972922987848,27
2,leiden,svm,18,loc101735197.like.S,0.04429693522724461,28
2,leiden,svm,18,hpd.like.1.L,-0.04429521541620716,29
2,leiden,svm,18,foxr1.L,-0.044075800986770323,30
2,leiden,svm,18,Xelaev18018009m.g,-0.044002197979981575,31
2,leiden,svm,18,col2a1.L,-0.04339909041484416,32
2,leiden,svm,18,coro6.1.L,0.043304235312546735,33
2,leiden,svm,18,tcf7.S,0.04309284394131597,34
2,leiden,svm,18,loc100486241.L,0.042749544113938956,35
2,leiden,svm,18,p2ry8.S,0.04238301032040282,36
2,leiden,svm,18,basp1.S,-0.04219515744606224,37
2,leiden,svm,18,Xelaev18035495m.g,0.04134052122686906,38
2,leiden,svm,18,ctsz.S,-0.040924751903902344,39
2,leiden,svm,18,grn.L,-0.0404929664825084,40
2,leiden,svm,18,loc100494945.S,-0.04045977469342849,41
2,leiden,svm,18,cotl1.L,-0.040326066756116836,42
2,leiden,svm,18,fbp1.L,-0.04014152821719184,43
2,leiden,svm,18,loc101731250.S,0.039808991468127046,44
2,leiden,svm,18,fabp4.S,0.03972578426162459,45
2,leiden,svm,18,Xelaev18047460m.g,-0.03967730243653948,46
2,leiden,svm,18,cndp2.S,0.03953477447744079,47
2,leiden,svm,18,myf5.S,-0.03951805462946985,48
2,leiden,svm,18,ctss.L,0.039461756374479975,49
2,leiden,svm,18,loc100493453.L,-0.0385809215777152,50
2,leiden,svm,18,Xetrov90014332m.L,-0.03824240455307902,51
2,leiden,svm,18,Xelaev18005157m.g,0.037822718476257955,52
2,leiden,svm,18,ckm.L,-0.037693834313217364,53
2,leiden,svm,18,tuba4a.S,-0.037563808063085256,54
2,leiden,svm,18,rassf2.L,-0.037550851024855426,55
2,leiden,svm,18,selplg.like.L,-0.03738827758993576,56
2,leiden,svm,18,crp.4.L,-0.03716542322327965,57
2,leiden,svm,18,Xelaev18011357m.g,0.037153823791885913,58
2,leiden,svm,18,loc100487808.L,-0.036793900813956094,59
2,leiden,svm,18,Xelaev18047452m.g,-0.03650761810868563,60
2,leiden,svm,18,skap2.S,-0.036265143385373795,61
2,leiden,svm,18,mb21d1.L,0.036238302847785835,62
2,leiden,svm,18,ccl5.L,0.036190090782883606,63
2,leiden,svm,18,Xelaev18025720m.g,0.0360838131971502,64
2,leiden,svm,18,myf5.L,-0.03603491099109348,65
2,leiden,svm,18,loc100496720.L,-0.0360332113371723,66
2,leiden,svm,18,cd74.L,0.0348444209231013,67
2,leiden,svm,18,Xelaev18040740m.g,-0.03475162534113879,68
2,leiden,svm,18,cd53.S,0.034622133982898796,69
2,leiden,svm,18,c10orf54.L,0.03442520673585107,70
2,leiden,svm,18,Xelaev18047453m.g,-0.034398860340240214,71
2,leiden,svm,18,Xelaev18030022m.g,0.03413404453124955,72
2,leiden,svm,18,apoc1.like.L,-0.033890356093783096,73
2,leiden,svm,18,spib.L,-0.033658585330526604,74
2,leiden,svm,18,Xelaev18039138m.g,0.033599643849119884,75
2,leiden,svm,3,apoc1.like.L,0.3070060721331495,1
2,leiden,svm,3,Xelaev18008610m.g,-0.24857556300352276,2
2,leiden,svm,3,Xelaev18016074m.g,-0.2240627114660468,3
2,leiden,svm,3,psap.S,-0.21765787892423802,4
2,leiden,svm,3,frem2.1.L,0.2091932430930557,5
2,leiden,svm,3,loc100490088.L,0.20294341300007676,6
2,leiden,svm,3,cotl1.L,-0.20161010999265155,7
2,leiden,svm,3,glul.like.1.L,0.19103820461410304,8
2,leiden,svm,3,krt12.L,-0.17749814958865098,9
2,leiden,svm,3,Xelaev18045052m.g,-0.1764905941467267,10
2,leiden,svm,3,msx1.L,0.1762253950810657,11
2,leiden,svm,3,Xetrov90018123m.S,-0.174467975858998,12
2,leiden,svm,3,enpp2.S,0.17297246976118372,13
2,leiden,svm,3,mxra5.S,-0.1720416915163525,14
2,leiden,svm,3,Xelaev18034081m.g,0.16638428044483797,15
2,leiden,svm,3,Xetrov90028350m.S,0.16242305537460708,16
2,leiden,svm,3,loc101732997.L,0.16058110711318924,17
2,leiden,svm,3,Xelaev18001106m.g,-0.16045828514224877,18
2,leiden,svm,3,prdm1.L,0.16038940290976722,19
2,leiden,svm,3,ndrg1.S,-0.15573227163358094,20
2,leiden,svm,3,col1a2.L,-0.15437508746511835,21
2,leiden,svm,3,plscr1.L,-0.1518156666742915,22
2,leiden,svm,3,jchain.L,-0.15173447169289903,23
2,leiden,svm,3,sp9.L,-0.1501376197373042,24
2,leiden,svm,3,sds.S,-0.1482142407685676,25
2,leiden,svm,3,arg2.S,-0.1468076125422661,26
2,leiden,svm,3,rdh10.L,0.14623419474195903,27
2,leiden,svm,3,ch25h.L,0.14570843122600866,28
2,leiden,svm,3,scoc.S,-0.14283019195252294,29
2,leiden,svm,3,kera.S,-0.1425132080571779,30
2,leiden,svm,3,ripk4.L,0.13979349135431934,31
2,leiden,svm,3,krt19.L,-0.13860297138130404,32
2,leiden,svm,3,gpi.S,0.13842357313963757,33
2,leiden,svm,3,vwc2l.2.L,-0.13795922745951364,34
2,leiden,svm,3,krt16.L,-0.1358056868018063,35
2,leiden,svm,3,hey1.L,-0.13224594026629935,36
2,leiden,svm,3,mmp8.L,0.1311704705159538,37
2,leiden,svm,3,elf3.L,0.13044669895348981,38
2,leiden,svm,3,mtus1.L,0.12786187106134247,39
2,leiden,svm,3,Xetrov90018123m.L,-0.12774600501846822,40
2,leiden,svm,3,klf2.L,0.12744872422101716,41
2,leiden,svm,3,Xelaev18009504m.g,0.1268857969736737,42
2,leiden,svm,3,app.L,0.12578091431735872,43
2,leiden,svm,3,dlx3.L,0.1252691176285422,44
2,leiden,svm,3,loc100487022.L,-0.12296467303440231,45
2,leiden,svm,3,sfrp2.L,-0.12056577511739333,46
2,leiden,svm,3,pla2g16.L,0.12027825891267477,47
2,leiden,svm,3,Xetrov90030519m.L,-0.11968273343963887,48
2,leiden,svm,3,fam83b.S,-0.11946403298377163,49
2,leiden,svm,3,dlx5.S,0.11910916700229948,50
2,leiden,svm,3,ctsc.L,-0.11839098071456391,51
2,leiden,svm,3,fgfr4.L,-0.1175361534881818,52
2,leiden,svm,3,Xelaev18045096m.g,-0.11679267557708795,53
2,leiden,svm,3,smad4.1.S,0.11669642228543031,54
2,leiden,svm,3,fos.S,-0.11660471519135725,55
2,leiden,svm,3,sytl1.S,-0.11650417663844763,56
2,leiden,svm,3,hes5_X2.L,-0.11624094616655054,57
2,leiden,svm,3,insig1.L,-0.11395130134839324,58
2,leiden,svm,3,Xelaev18047462m.g,-0.11161726606912609,59
2,leiden,svm,3,stap2.like.S,-0.11106037013348563,60
2,leiden,svm,3,Xelaev18001105m.g,-0.11011169288722678,61
2,leiden,svm,3,prss35.S,-0.10903074965532221,62
2,leiden,svm,3,Xelaev18017960m.g,0.1089747007753576,63
2,leiden,svm,3,egr2.L,0.10726477149367938,64
2,leiden,svm,3,loc100049121.S,0.10634268938908564,65
2,leiden,svm,3,c8orf4.S,0.10583654313394866,66
2,leiden,svm,3,Xetrov90011359m.L,0.10582250747265282,67
2,leiden,svm,3,loc100487362.1,0.10565006924321374,68
2,leiden,svm,3,tmem38b.L,0.1044073630083052,69
2,leiden,svm,3,hes2.L,0.10334199821625946,70
2,leiden,svm,3,col2a1.L,0.10287269299682254,71
2,leiden,svm,3,ism2.L,-0.10232089601152541,72
2,leiden,svm,3,itln1.L,0.10206923223463521,73
2,leiden,svm,3,mmp1.S,0.10197652149935676,74
2,leiden,svm,3,dse.S,-0.10163668193646279,75
2,leiden,svm,15,Xelaev18045052m.g,-0.12778056830636875,1
2,leiden,svm,15,prss57.S,0.11503134388117664,2
2,leiden,svm,15,col1a2.L,-0.07421598889311158,3
2,leiden,svm,15,mmp9.S,0.07268658665562303,4
2,leiden,svm,15,Xelaev18045096m.g,-0.07103777411131217,5
2,leiden,svm,15,Xelaev18001106m.g,-0.05996008575084366,6
2,leiden,svm,15,loc100490489.S,0.05805318885422111,7
2,leiden,svm,15,cxcr3L..S,0.05640062354112081,8
2,leiden,svm,15,mpo.L,0.05636459566439927,9
2,leiden,svm,15,mmp7.L,0.05634830833052128,10
2,leiden,svm,15,asah1.L,-0.05623369518682745,11
2,leiden,svm,15,loc100493999.like.S,0.0555201180102996,12
2,leiden,svm,15,Xelaev18047460m.g,-0.052758585370705206,13
2,leiden,svm,15,ckm.L,-0.05094993389031222,14
2,leiden,svm,15,Xelaev18001105m.g,-0.050302876658007506,15
2,leiden,svm,15,loc100145516.L,0.0446071116868696,16
2,leiden,svm,15,crp.4.L,-0.040888018984463995,17
2,leiden,svm,15,ncf1.L,0.040504262996838014,18
2,leiden,svm,15,col2a1.L,-0.03886868664817581,19
2,leiden,svm,15,lgals9c.S,0.03848042267838317,20
2,leiden,svm,15,cndp2.S,-0.03835744144991061,21
2,leiden,svm,15,loc100490587.L,0.03758980483285388,22
2,leiden,svm,15,loc100489423.L,0.03747574101456807,23
2,leiden,svm,15,Xelaev18047462m.g,-0.03681716410447828,24
2,leiden,svm,15,epx.L,0.036680727770339316,25
2,leiden,svm,15,cxcr4.L,0.03567006686175417,26
2,leiden,svm,15,loc100487364.L,-0.03513126395740072,27
2,leiden,svm,15,fkbp1b.L,-0.03486017292514259,28
2,leiden,svm,15,krt12.L,-0.03481380011859975,29
2,leiden,svm,15,laptm5.L,-0.03442688968332862,30
2,leiden,svm,15,loc101734738.L,-0.034133330557504206,31
2,leiden,svm,15,Xelaev18047452m.g,-0.03386437098843923,32
2,leiden,svm,15,prss57.L,0.03384524496583216,33
2,leiden,svm,15,loc100488322.L,-0.03346182388984846,34
2,leiden,svm,15,gcnt1.S,-0.0330508483688271,35
2,leiden,svm,15,Xelaev18014011m.g,0.03299977474550415,36
2,leiden,svm,15,prtn3.S,0.032673443018272665,37
2,leiden,svm,15,MGC108117.L,-0.032647711459116435,38
2,leiden,svm,15,tcn2.L,0.03236187890878446,39
2,leiden,svm,15,tuba4a.S,-0.03212007770185806,40
2,leiden,svm,15,dpepe.L,-0.03197182094760554,41
2,leiden,svm,15,loc101733140.L,0.03156036878325626,42
2,leiden,svm,15,rab27a.L,0.0312506991074227,43
2,leiden,svm,15,col3a1.S,-0.030972631181765117,44
2,leiden,svm,15,suclg2.L,-0.030905986292665437,45
2,leiden,svm,15,tkt.S,0.030755368415506922,46
2,leiden,svm,15,skap2.L,-0.030254364689288552,47
2,leiden,svm,15,col1a1.S,-0.0292215535878195,48
2,leiden,svm,15,Xetrov90018212m.S,-0.02903864974167831,49
2,leiden,svm,15,fgl2.L,0.028418497450761207,50
2,leiden,svm,15,apoc1.like.L,-0.02810664803434198,51
2,leiden,svm,15,irf7.L,-0.02801844301913199,52
2,leiden,svm,15,gpr141.L,0.02787125903835951,53
2,leiden,svm,15,loc100494945.S,-0.02783012651264009,54
2,leiden,svm,15,cfb.L,0.02739500638987499,55
2,leiden,svm,15,psap.S,-0.0272766219644149,56
2,leiden,svm,15,ctsc.S,-0.027275465352231156,57
2,leiden,svm,15,loc101731250.L,-0.027013014616817863,58
2,leiden,svm,15,ctsb.S,-0.026419278832060474,59
2,leiden,svm,15,alox5.L,-0.02637725537748447,60
2,leiden,svm,15,Xelaev18030549m.g,0.026009531613617864,61
2,leiden,svm,15,myf5.S,-0.025737351939019257,62
2,leiden,svm,15,cd53.S,0.025571809358108898,63
2,leiden,svm,15,Xelaev18038249m.g,-0.02495730310420003,64
2,leiden,svm,15,elovl6.L,-0.02465766390648231,65
2,leiden,svm,15,loc100487808.L,0.0246421343733406,66
2,leiden,svm,15,ptx3.L,-0.024093692756980357,67
2,leiden,svm,15,col1a1.L,-0.024048458972062963,68
2,leiden,svm,15,Xelaev18036534m.g,-0.023871947164785766,69
2,leiden,svm,15,sla.L,0.023710672090976822,70
2,leiden,svm,15,mylpf.L,-0.02356706809111243,71
2,leiden,svm,15,camp1.L,0.02354292468729455,72
2,leiden,svm,15,atp6v0b.S,-0.023393154266329895,73
2,leiden,svm,15,loc100493006.L,0.02338246460587594,74
2,leiden,svm,15,nadk.S,0.023204149992839686,75
2,leiden,svm,25,col1a2.L,-0.09388250231344439,1
2,leiden,svm,25,Xelaev18045052m.g,-0.09263326018619294,2
2,leiden,svm,25,Xelaev18045096m.g,-0.0670302742119282,3
2,leiden,svm,25,Xelaev18001106m.g,-0.0622332483959859,4
2,leiden,svm,25,Xelaev18001105m.g,-0.055145207359463155,5
2,leiden,svm,25,fabp3.L,-0.03959784098008876,6
2,leiden,svm,25,Xelaev18047460m.g,-0.0361481495353852,7
2,leiden,svm,25,col2a1.L,-0.034013090902214896,8
2,leiden,svm,25,ckm.L,-0.03291962852717057,9
2,leiden,svm,25,pkd2l1.L,0.031048343180893705,10
2,leiden,svm,25,scg2.S,0.028745876221348495,11
2,leiden,svm,25,txn.L,-0.027541009292999106,12
2,leiden,svm,25,tal2.L,0.027053316706021218,13
2,leiden,svm,25,ezr.L,0.025608287036448126,14
2,leiden,svm,25,Xelaev18047462m.g,-0.024566546717897698,15
2,leiden,svm,25,rtbdn.L,0.024202968321060867,16
2,leiden,svm,25,mtus1.L,-0.024140927396803572,17
2,leiden,svm,25,Xelaev18047452m.g,-0.024074987081877237,18
2,leiden,svm,25,Xetrov90013016m.S,0.02406548245691867,19
2,leiden,svm,25,tuba4a.S,-0.023922762913462705,20
2,leiden,svm,25,Xelaev18024617m.g,0.023321293584555123,21
2,leiden,svm,25,hpd.like.1.L,-0.022731270709966157,22
2,leiden,svm,25,gamt.L,-0.022312086671161996,23
2,leiden,svm,25,myf5.S,-0.02226875485703706,24
2,leiden,svm,25,MGC75752.L,-0.021736267303934607,25
2,leiden,svm,25,vsnl1.S,0.02169598021782392,26
2,leiden,svm,25,Xelaev18018009m.g,-0.02167499710114812,27
2,leiden,svm,25,angptl7.L,-0.021139667825189487,28
2,leiden,svm,25,nkx6.1.L,0.020910440880386943,29
2,leiden,svm,25,Xelaev18047453m.g,-0.020880633384103356,30
2,leiden,svm,25,col3a1.S,-0.02078480966905743,31
2,leiden,svm,25,Xelaev18009011m.g,0.020610191944224185,32
2,leiden,svm,25,ddc.L,0.02014632636135092,33
2,leiden,svm,25,limch1.L,0.020104155981908525,34
2,leiden,svm,25,myf5.L,-0.019846666403171558,35
2,leiden,svm,25,cntfr.L,0.0195494238047056,36
2,leiden,svm,25,Xelaev18013771m.g,0.018801117341634005,37
2,leiden,svm,25,gad1.1.L,0.01841100327462053,38
2,leiden,svm,25,Xelaev18005235m.g,0.018312875273614485,39
2,leiden,svm,25,rgs4.S,0.017555003726394115,40
2,leiden,svm,25,nkx2.8.L,0.017548434410786937,41
2,leiden,svm,25,col1a1.S,-0.01748496201915306,42
2,leiden,svm,25,actc1.L,-0.01745209805243256,43
2,leiden,svm,25,enpp2.L,0.017381441682337007,44
2,leiden,svm,25,got1.S,-0.01698192191773637,45
2,leiden,svm,25,basp1.S,0.01680544905012966,46
2,leiden,svm,25,cnih2.S,0.016736376213301762,47
2,leiden,svm,25,Xelaev18007508m.g,0.01672915058680786,48
2,leiden,svm,25,apba1.L,0.016712535411460117,49
2,leiden,svm,25,espn.S,0.0162821149331177,50
2,leiden,svm,25,fos.S,-0.016212482448686658,51
2,leiden,svm,25,loc100490291.S,-0.015935054574986732,52
2,leiden,svm,25,loc100487364.L,-0.015427420119842612,53
2,leiden,svm,25,crip1.L,-0.015379819643747123,54
2,leiden,svm,25,pcp4.S,-0.015315142399459828,55
2,leiden,svm,25,Xelaev18037839m.g,-0.015312738893561528,56
2,leiden,svm,25,kcnip4.like.S,0.01508539938290497,57
2,leiden,svm,25,hmp19.L,0.014992974761226196,58
2,leiden,svm,25,loc100049121.S,-0.014977664038856637,59
2,leiden,svm,25,myl1.L,-0.014813253826184801,60
2,leiden,svm,25,Xelaev18040855m.g,-0.01479952582577816,61
2,leiden,svm,25,nova1.S,-0.014781444824935394,62
2,leiden,svm,25,loc101731328.L,-0.014780930618984646,63
2,leiden,svm,25,th.S,0.014654032751380074,64
2,leiden,svm,25,foxr1.L,-0.014479207982114725,65
2,leiden,svm,25,Xelaev18036345m.g,0.014427887028507756,66
2,leiden,svm,25,pam.L,0.014201813968725304,67
2,leiden,svm,25,MGC75752.S,-0.014000148207630424,68
2,leiden,svm,25,penk.L,0.013941411290331445,69
2,leiden,svm,25,krt19.L,-0.013925332331051008,70
2,leiden,svm,25,tcerg1l.L,0.013806899419947227,71
2,leiden,svm,25,loc100495760.L,0.013695568774456369,72
2,leiden,svm,25,epb41l3.L,0.013633869480954557,73
2,leiden,svm,25,stmn4.L,-0.013625998195041206,74
2,leiden,svm,25,stmn2.S,0.013602972659872179,75
2,leiden,svm,23,col1a2.L,-0.09316205475234707,1
2,leiden,svm,23,Xelaev18045052m.g,-0.08173135021595192,2
2,leiden,svm,23,Xelaev18045096m.g,-0.07400780781513538,3
2,leiden,svm,23,cfd.L,0.06251279169372372,4
2,leiden,svm,23,pmp2.L,0.053556621270401346,5
2,leiden,svm,23,col3a1.S,-0.05276517374794196,6
2,leiden,svm,23,cav1.S,0.04749006033345483,7
2,leiden,svm,23,cav1.L,0.04577835615222681,8
2,leiden,svm,23,col2a1.L,-0.04517457628217976,9
2,leiden,svm,23,fabp3.L,-0.04490440067378825,10
2,leiden,svm,23,Xelaev18001106m.g,-0.04353989523291884,11
2,leiden,svm,23,Xelaev18047460m.g,-0.0433498988544504,12
2,leiden,svm,23,Xelaev18001105m.g,-0.043088074151224606,13
2,leiden,svm,23,col1a1.S,-0.041950228676743036,14
2,leiden,svm,23,gngt1.L,0.040966306651705295,15
2,leiden,svm,23,MGC75752.L,-0.04085324273881921,16
2,leiden,svm,23,crip1.L,0.04060467641494671,17
2,leiden,svm,23,ifi30.L,0.03468479119419112,18
2,leiden,svm,23,Xelaev18040855m.g,-0.034671672025849906,19
2,leiden,svm,23,smad6.2.L,0.034613086952986684,20
2,leiden,svm,23,selp.L,0.031181189069660612,21
2,leiden,svm,23,prx.L,0.030964772682644956,22
2,leiden,svm,23,ctgf.L,-0.030394771660959972,23
2,leiden,svm,23,Xelaev18047462m.g,-0.029744642666607084,24
2,leiden,svm,23,txn.L,-0.029034885617865124,25
2,leiden,svm,23,Xelaev18018009m.g,-0.028674538688776348,26
2,leiden,svm,23,ch25h.L,0.028240366348215157,27
2,leiden,svm,23,tuba4a.S,-0.02732734202183824,28
2,leiden,svm,23,hpd.like.1.L,-0.02684120211591896,29
2,leiden,svm,23,aqp1.L,0.026743791564452703,30
2,leiden,svm,23,ckm.L,-0.026570233818196523,31
2,leiden,svm,23,mcam.L,0.026505965011046597,32
2,leiden,svm,23,col1a1.L,-0.025669438696766016,33
2,leiden,svm,23,timp.1.S,-0.025097440182537824,34
2,leiden,svm,23,gamt.L,-0.02457565279843159,35
2,leiden,svm,23,col11a2p1.S,-0.02454500626808077,36
2,leiden,svm,23,icam5.S,0.023841716312569438,37
2,leiden,svm,23,actc1.L,-0.023489073756952354,38
2,leiden,svm,23,hs3st1.L,0.023241639364472932,39
2,leiden,svm,23,mrc1.S,0.022951337817168106,40
2,leiden,svm,23,Xelaev18015988m.g,0.022049867614253562,41
2,leiden,svm,23,efcab10.like.L,-0.021884863257523587,42
2,leiden,svm,23,pmp2.S,0.021737465581621623,43
2,leiden,svm,23,myct1.L,0.021718775235345815,44
2,leiden,svm,23,hsp90aa1.1.L,-0.020699033473525096,45
2,leiden,svm,23,angptl7.L,-0.02044305383423288,46
2,leiden,svm,23,cetp.L,0.020306123096063694,47
2,leiden,svm,23,col9a3.L,-0.020297193225622408,48
2,leiden,svm,23,myf5.L,-0.020232928178999632,49
2,leiden,svm,23,gap43.L,-0.020113073576361492,50
2,leiden,svm,23,tek.S,0.01942607524048811,51
2,leiden,svm,23,krt18.S,0.01923166553399213,52
2,leiden,svm,23,foxr1.L,-0.019089160417224436,53
2,leiden,svm,23,ackr3.S,0.018975785340142548,54
2,leiden,svm,23,stab2.L,0.018946969842540323,55
2,leiden,svm,23,fabp4.L,0.018749918010782483,56
2,leiden,svm,23,myf5.S,-0.018724348184348618,57
2,leiden,svm,23,aplnr.S,0.018702980160227964,58
2,leiden,svm,23,Xelaev18047452m.g,-0.01870206111133659,59
2,leiden,svm,23,sostdc1.S,0.018650410362762968,60
2,leiden,svm,23,mmrn2.S,0.018542362543114456,61
2,leiden,svm,23,loc100494945.S,-0.018250663038866972,62
2,leiden,svm,23,loc100490816.S,0.018046029653681732,63
2,leiden,svm,23,kcne3.S,0.017943338800366665,64
2,leiden,svm,23,krt12.L,-0.017895073316373113,65
2,leiden,svm,23,clec14a.S,0.017670076575421596,66
2,leiden,svm,23,loc100496720.L,0.01739041908379465,67
2,leiden,svm,23,cdh5.L,0.017307669833262634,68
2,leiden,svm,23,Xelaev18047453m.g,-0.017254578573838726,69
2,leiden,svm,23,Xelaev18006412m.g,0.01715587330088645,70
2,leiden,svm,23,myl1.L,-0.01690256214640451,71
2,leiden,svm,23,sox17a.S,0.016894569500656258,72
2,leiden,svm,23,ctsc.S,-0.016307829377703295,73
2,leiden,svm,23,dpysl3.L,0.01605079127879218,74
2,leiden,svm,23,mtus1.L,-0.016012567427580185,75
2,leiden,svm,24,Xelaev18045052m.g,-0.09484197013334943,1
2,leiden,svm,24,col1a2.L,-0.09331166093138171,2
2,leiden,svm,24,Xelaev18045096m.g,-0.07065504750514774,3
2,leiden,svm,24,fabp3.L,-0.04180402791899801,4
2,leiden,svm,24,Xelaev18001105m.g,-0.040075846144286886,5
2,leiden,svm,24,Xelaev18047460m.g,-0.03967944391511022,6
2,leiden,svm,24,Xelaev18001106m.g,-0.03833610116949521,7
2,leiden,svm,24,tuba4a.S,-0.03816023550434063,8
2,leiden,svm,24,Xelaev18040968m.g,0.03794145897054147,9
2,leiden,svm,24,col3a1.S,-0.03597446007320936,10
2,leiden,svm,24,atp6v1g3.L,0.034762090721059964,11
2,leiden,svm,24,atp6v1g3.S,0.033276712088342784,12
2,leiden,svm,24,psca.L,0.03227829235318108,13
2,leiden,svm,24,atp6ap1.1.S,0.03203833781461128,14
2,leiden,svm,24,Xelaev18041411m.g,0.02915127246273667,15
2,leiden,svm,24,Xelaev18047462m.g,-0.02905634804894103,16
2,leiden,svm,24,atp6v0a4.L,0.028766812967505676,17
2,leiden,svm,24,myf5.S,-0.028092551780140196,18
2,leiden,svm,24,col2a1.L,-0.0277876337463117,19
2,leiden,svm,24,cystm1.L,0.027569416498479448,20
2,leiden,svm,24,atp6v0b.S,0.027218216347560862,21
2,leiden,svm,24,hpd.like.1.L,-0.026028203328964217,22
2,leiden,svm,24,ca2.S,0.025988836370716063,23
2,leiden,svm,24,foxi1.S,0.025959790743653278,24
2,leiden,svm,24,myf5.L,-0.025097880161407047,25
2,leiden,svm,24,tmem72.L,0.025089093341308006,26
2,leiden,svm,24,atp6ap1.1.L,0.024631132897880166,27
2,leiden,svm,24,atp6v0d2.L,0.024339023250553326,28
2,leiden,svm,24,Xelaev18047452m.g,-0.024138887291281573,29
2,leiden,svm,24,crip1.L,-0.024112274525672425,30
2,leiden,svm,24,gamt.L,-0.023633405015891232,31
2,leiden,svm,24,Xelaev18018009m.g,-0.023371169912119554,32
2,leiden,svm,24,wdr16.L,0.023300025150836245,33
2,leiden,svm,24,slc4a9.L,0.02278458389039142,34
2,leiden,svm,24,ctsc.S,-0.02225365192362092,35
2,leiden,svm,24,apoc1.like.L,-0.02170790137380317,36
2,leiden,svm,24,foxi1.L,0.021681728218167752,37
2,leiden,svm,24,Xelaev18017743m.g,0.021320935943732487,38
2,leiden,svm,24,MGC75752.L,-0.02128179840827535,39
2,leiden,svm,24,spink2.L,0.0206352667283548,40
2,leiden,svm,24,efcab10.like.L,-0.02055335655377803,41
2,leiden,svm,24,Xelaev18040855m.g,-0.0204617207399733,42
2,leiden,svm,24,Xelaev18047453m.g,-0.02009257648514967,43
2,leiden,svm,24,loc100494945.S,-0.020005034238877725,44
2,leiden,svm,24,msln.L,0.019992217404420653,45
2,leiden,svm,24,actc1.L,-0.019580021046860005,46
2,leiden,svm,24,Xetrov90030519m.L,0.01870370863093374,47
2,leiden,svm,24,angptl7.L,-0.018677431074467142,48
2,leiden,svm,24,Xetrov90018123m.L,-0.01844102538975919,49
2,leiden,svm,24,txn.L,-0.018223872701845254,50
2,leiden,svm,24,got1.S,-0.01821315325451471,51
2,leiden,svm,24,ly6g6c.L,-0.018154284376764123,52
2,leiden,svm,24,Xelaev18020203m.g,0.017747349992960806,53
2,leiden,svm,24,fkbp1b.L,-0.01763890151346581,54
2,leiden,svm,24,Xelaev18020998m.g,0.017506819187475594,55
2,leiden,svm,24,twsg1.S,-0.017324415085679508,56
2,leiden,svm,24,Xelaev18018612m.g,-0.01721617469865127,57
2,leiden,svm,24,cdk1.L,-0.017061413663173916,58
2,leiden,svm,24,hsp90aa1.1.L,-0.017038955197112966,59
2,leiden,svm,24,ifi30.L,0.01691731825945659,60
2,leiden,svm,24,atp6v1b1.L,0.016572997477613306,61
2,leiden,svm,24,atp6v1d.S,0.01631011720365154,62
2,leiden,svm,24,cystm1.S,0.016298360251465888,63
2,leiden,svm,24,Xelaev18040496m.g,0.016290440841526234,64
2,leiden,svm,24,loc100487740.L,0.01617554559213659,65
2,leiden,svm,24,mmp1.S,-0.016132815325675814,66
2,leiden,svm,24,Xelaev18037839m.g,-0.016080468619619478,67
2,leiden,svm,24,lgmn.L,-0.015873047084414532,68
2,leiden,svm,24,tmem38b.L,0.015867356032991244,69
2,leiden,svm,24,ckm.L,-0.015670728731232392,70
2,leiden,svm,24,tspan7.L,0.015640566941822382,71
2,leiden,svm,24,loc100494945.L,0.015592514668521965,72
2,leiden,svm,24,atp6v1c2.L,0.014935867626388813,73
2,leiden,svm,24,fbp1.L,0.01482208101614786,74
2,leiden,svm,24,mtus1.L,-0.014660184228743826,75
2,leiden,svm,19,col1a2.L,-0.10551761180096318,1
2,leiden,svm,19,Xelaev18045052m.g,-0.09519870191928906,2
2,leiden,svm,19,Xelaev18045096m.g,-0.08828191563660365,3
2,leiden,svm,19,krt18.L,0.07103937579998822,4
2,leiden,svm,19,krt16.S,0.07089628411878895,5
2,leiden,svm,19,Xelaev18008610m.g,0.0707378370678325,6
2,leiden,svm,19,frem2.1.L,0.06397265663752837,7
2,leiden,svm,19,krt16.L,0.061119593143335975,8
2,leiden,svm,19,hmcn1.L,0.06009333742429925,9
2,leiden,svm,19,pltp.S,0.058302286724312855,10
2,leiden,svm,19,snai2.L,0.05192172271095352,11
2,leiden,svm,19,fras1.L,0.050282120266060805,12
2,leiden,svm,19,bmp4.L,0.049838391123752095,13
2,leiden,svm,19,apoc1.like.L,0.04832374079647551,14
2,leiden,svm,19,jchain.L,0.04810153157274844,15
2,leiden,svm,19,Xelaev18026267m.g,0.0464797736188183,16
2,leiden,svm,19,fam83b.S,0.044785051255331325,17
2,leiden,svm,19,vwa2.S,0.04388098282435874,18
2,leiden,svm,19,Xelaev18001105m.g,-0.04383828439660728,19
2,leiden,svm,19,txn.L,-0.04364979664693365,20
2,leiden,svm,19,loc100494945.L,0.04303148403613064,21
2,leiden,svm,19,insig1.L,0.042940786988748994,22
2,leiden,svm,19,timp.1.S,-0.042829323262378295,23
2,leiden,svm,19,loc100490088.S,0.04040960443008319,24
2,leiden,svm,19,prdm1.L,0.040072488299892246,25
2,leiden,svm,19,krt.S,0.039925950442940866,26
2,leiden,svm,19,col2a1.L,-0.039897410280720864,27
2,leiden,svm,19,msmb.3.L,-0.039777924561566785,28
2,leiden,svm,19,Xelaev18001106m.g,-0.0387485459005214,29
2,leiden,svm,19,fn1.S,0.038374473391893406,30
2,leiden,svm,19,hey1.L,0.037181736616340624,31
2,leiden,svm,19,loc100127750.S,0.03716613670086073,32
2,leiden,svm,19,col1a2.S,-0.03712916870059545,33
2,leiden,svm,19,mmp1.S,-0.0369067612827388,34
2,leiden,svm,19,optc.S,0.03667104086916918,35
2,leiden,svm,19,loc100494945.S,-0.0366392574255877,36
2,leiden,svm,19,loc100127564.L,-0.03639875214088899,37
2,leiden,svm,19,fgfr4.L,0.034626059856319114,38
2,leiden,svm,19,olfm4.L,-0.03459197099147201,39
2,leiden,svm,19,fabp3.L,-0.033985659070711556,40
2,leiden,svm,19,tuba4a.S,-0.03387240884222676,41
2,leiden,svm,19,vcan.L,0.033164182291116465,42
2,leiden,svm,19,col1a1.S,-0.033042166214800404,43
2,leiden,svm,19,Xelaev18016080m.g,-0.03151507534746013,44
2,leiden,svm,19,Xetrov90011359m.L,-0.03145121384185723,45
2,leiden,svm,19,nid2.L,0.03122647919964733,46
2,leiden,svm,19,sp8.L,0.031072510689961908,47
2,leiden,svm,19,lama1.L,0.030591579340888752,48
2,leiden,svm,19,loc100049121.S,-0.030510398643124565,49
2,leiden,svm,19,Xelaev18047460m.g,-0.029509376940649187,50
2,leiden,svm,19,dlx2.L,0.02895366549698593,51
2,leiden,svm,19,Xelaev18040855m.g,-0.028937391373002316,52
2,leiden,svm,19,Xelaev18047462m.g,-0.02891183182961777,53
2,leiden,svm,19,gap43.L,-0.028711924229803912,54
2,leiden,svm,19,col27a1.S,0.028292468784873574,55
2,leiden,svm,19,Xetrov90018123m.L,-0.028106392698676402,56
2,leiden,svm,19,glul.like.1.L,-0.02747010250657659,57
2,leiden,svm,19,msx1.L,0.026791291139016352,58
2,leiden,svm,19,bcl11b.L,-0.026340420760605367,59
2,leiden,svm,19,Xelaev18020203m.g,0.026258344355120436,60
2,leiden,svm,19,col1a1.L,-0.02585646626603062,61
2,leiden,svm,19,loc100497390.S,-0.025800752056933825,62
2,leiden,svm,19,hey1.S,0.025691200347679456,63
2,leiden,svm,19,rasd1.L,0.025550743706363517,64
2,leiden,svm,19,Xetrov90001378m.S,0.02538033824843207,65
2,leiden,svm,19,MGC75752.L,-0.025092763756886155,66
2,leiden,svm,19,hpd.like.1.L,-0.025051502981897057,67
2,leiden,svm,19,dlx3.S,0.025042810740920157,68
2,leiden,svm,19,fam212a.L,-0.02461323642274334,69
2,leiden,svm,19,jag2.L,-0.024485930438868653,70
2,leiden,svm,19,cldn6.2.S,0.02394447891644508,71
2,leiden,svm,19,fgf7.S,0.023872506516073037,72
2,leiden,svm,19,ppp1r3c.2.S,-0.023367598833405927,73
2,leiden,svm,19,fkbp1b.L,-0.02326391351905583,74
2,leiden,svm,19,Xetrov90029035m.L,0.023174103801141707,75
2,leiden,svm,22,col1a2.L,-0.09390234423347117,1
2,leiden,svm,22,Xelaev18045052m.g,-0.09356781049974075,2
2,leiden,svm,22,Xelaev18045096m.g,-0.07294123082911522,3
2,leiden,svm,22,Xelaev18001105m.g,-0.05481399684343781,4
2,leiden,svm,22,Xelaev18001106m.g,-0.05172367414968867,5
2,leiden,svm,22,fabp3.L,-0.04864226646241302,6
2,leiden,svm,22,Xelaev18047460m.g,-0.037427414143943384,7
2,leiden,svm,22,txn.L,-0.03711602725228722,8
2,leiden,svm,22,tuba4a.S,-0.03703610716652201,9
2,leiden,svm,22,Xelaev18047462m.g,-0.02815171505197739,10
2,leiden,svm,22,Xelaev18047608m.g,0.026841724669409543,11
2,leiden,svm,22,gamt.L,-0.02603130745642338,12
2,leiden,svm,22,col1a1.S,-0.02526490741486067,13
2,leiden,svm,22,Xelaev18047452m.g,-0.02400593403704263,14
2,leiden,svm,22,Xelaev18045306m.g,0.023619852925804666,15
2,leiden,svm,22,loc100170419.S,0.02270942077465319,16
2,leiden,svm,22,col3a1.S,-0.022327651692255826,17
2,leiden,svm,22,act3.L,0.021969151074222985,18
2,leiden,svm,22,col2a1.L,-0.021659583119482458,19
2,leiden,svm,22,hpd.like.1.L,-0.021637439860108777,20
2,leiden,svm,22,Xelaev18045303m.g,0.02060749708350895,21
2,leiden,svm,22,myf5.S,-0.020353643226103363,22
2,leiden,svm,22,myf5.L,-0.02014248611921973,23
2,leiden,svm,22,Xelaev18047453m.g,-0.019541979218233453,24
2,leiden,svm,22,tnnt3.L,0.01926557621696571,25
2,leiden,svm,22,Xelaev18047609m.g,0.0191764457989248,26
2,leiden,svm,22,tnni2.L,0.01908192653267633,27
2,leiden,svm,22,Xelaev18047610m.g,0.018964944796963156,28
2,leiden,svm,22,efcab10.like.L,-0.01830082146159407,29
2,leiden,svm,22,angptl7.L,-0.018218986766732212,30
2,leiden,svm,22,loc100170419.L,0.01805421065629704,31
2,leiden,svm,22,tnni2.S,0.017704324910012937,32
2,leiden,svm,22,MGC75582.S,0.017491975202227027,33
2,leiden,svm,22,mtus1.L,-0.01734855386083576,34
2,leiden,svm,22,krt8.S,-0.017147015699686723,35
2,leiden,svm,22,got1.S,-0.01653743774550438,36
2,leiden,svm,22,hsp90aa1.1.L,-0.016234306571409125,37
2,leiden,svm,22,Xelaev18045301m.g,0.016155893051966186,38
2,leiden,svm,22,MGC75752.S,-0.01607535514853275,39
2,leiden,svm,22,fos.S,-0.01600690783269511,40
2,leiden,svm,22,tnnc2.L,0.015950151425013336,41
2,leiden,svm,22,col1a1.L,-0.015858797021033544,42
2,leiden,svm,22,actc1.L,-0.01559059326660154,43
2,leiden,svm,22,Xelaev18045307m.g,0.015527917379327816,44
2,leiden,svm,22,Xelaev18004130m.g,0.014815931985474644,45
2,leiden,svm,22,des.1.L,-0.014626143221329126,46
2,leiden,svm,22,Xelaev18040855m.g,-0.014624386994492054,47
2,leiden,svm,22,Xelaev18018009m.g,-0.014061975123609002,48
2,leiden,svm,22,loc100494945.S,-0.013982671091814097,49
2,leiden,svm,22,tnnc2.S,0.013838824483677055,50
2,leiden,svm,22,Xelaev18037839m.g,-0.013574669897151058,51
2,leiden,svm,22,foxr1.L,-0.01355502349277265,52
2,leiden,svm,22,fxyd6.S,-0.013319636923530866,53
2,leiden,svm,22,msmb.3.L,-0.012792021673098838,54
2,leiden,svm,22,ckm.L,-0.012680009216682634,55
2,leiden,svm,22,ccnb1.2.S,-0.012645029315440237,56
2,leiden,svm,22,slc25a4.L,0.01249469586196296,57
2,leiden,svm,22,cdk1.L,-0.012474406579555277,58
2,leiden,svm,22,fkbp1b.L,-0.01239910273546456,59
2,leiden,svm,22,timp.1.S,-0.01226879348480369,60
2,leiden,svm,22,Xelaev18041711m.g,0.012006013728522457,61
2,leiden,svm,22,MGC75752.L,-0.011992350842209738,62
2,leiden,svm,22,Xetrov90001378m.S,-0.01188545011568984,63
2,leiden,svm,22,Xelaev18047606m.g,0.011748532211673273,64
2,leiden,svm,22,lta4h.L,-0.011676326742837678,65
2,leiden,svm,22,Xelaev18047607m.g,0.011659158505793254,66
2,leiden,svm,22,Xetrov90018123m.L,-0.011617800569975464,67
2,leiden,svm,22,gap43.L,-0.011196899205561947,68
2,leiden,svm,22,cfb.L,-0.011162169168791456,69
2,leiden,svm,22,loc100049121.S,-0.01114135682848137,70
2,leiden,svm,22,myh8.like.L,0.011021175979142307,71
2,leiden,svm,22,casq1.S,0.010739787898629106,72
2,leiden,svm,22,mmp8.L,-0.01072617009987023,73
2,leiden,svm,22,apoc1.like.L,-0.010580262971848981,74
2,leiden,svm,22,sox8.L,-0.010295189311467733,75
2,leiden,svm,20,Xelaev18045052m.g,-0.10972234837856558,1
2,leiden,svm,20,col1a2.L,-0.09858441933954584,2
2,leiden,svm,20,Xelaev18016849m.g,0.07549901335087122,3
2,leiden,svm,20,Xelaev18045096m.g,-0.06045737123678291,4
2,leiden,svm,20,Xelaev18001106m.g,-0.0589373975070349,5
2,leiden,svm,20,pcp4.S,-0.05802824606786883,6
2,leiden,svm,20,Xelaev18001105m.g,-0.05046192984977614,7
2,leiden,svm,20,Xelaev18009011m.g,0.04984989734358121,8
2,leiden,svm,20,crmp1.S,0.04771749326483253,9
2,leiden,svm,20,tac1.L,0.041744442004424405,10
2,leiden,svm,20,tuba4a.S,-0.03905567723234578,11
2,leiden,svm,20,prph.S,0.037868580060391,12
2,leiden,svm,20,abcb1.L,0.037579985258634985,13
2,leiden,svm,20,Xelaev18047460m.g,-0.037396695715696385,14
2,leiden,svm,20,cst3.S,-0.03643411309314019,15
2,leiden,svm,20,prph.L,0.036364376003191354,16
2,leiden,svm,20,stmn2.S,0.03476512187278676,17
2,leiden,svm,20,stmn2.L,0.033636129296387825,18
2,leiden,svm,20,cda.L,0.033517245571351044,19
2,leiden,svm,20,rrad.S,0.03257940046453538,20
2,leiden,svm,20,vgf.L,0.0320427540807913,21
2,leiden,svm,20,Xelaev18047462m.g,-0.03150723685604078,22
2,leiden,svm,20,ddit3.L,0.03113344208344198,23
2,leiden,svm,20,Xelaev18029747m.g,0.030915862151462328,24
2,leiden,svm,20,eef1a2.S,0.030898027687689008,25
2,leiden,svm,20,fabp3.L,-0.030839689431004028,26
2,leiden,svm,20,Xelaev18047452m.g,-0.030369332893466824,27
2,leiden,svm,20,cplx1.S,-0.03029366467418881,28
2,leiden,svm,20,rtn1.L,0.030064186842741727,29
2,leiden,svm,20,paqr9.L,-0.028874282505829213,30
2,leiden,svm,20,Xelaev18005235m.g,0.028806311783566067,31
2,leiden,svm,20,krt8.S,-0.028581042994677116,32
2,leiden,svm,20,angptl7.L,-0.028334906549262823,33
2,leiden,svm,20,MGC75752.L,-0.027960564124483514,34
2,leiden,svm,20,hpd.like.1.L,-0.027900560884171376,35
2,leiden,svm,20,tubb2b.S,0.027523966815416804,36
2,leiden,svm,20,Xelaev18022109m.g,-0.02735564858748611,37
2,leiden,svm,20,pvrl3.L,-0.027157239026045256,38
2,leiden,svm,20,tspan7.L,-0.02698540669820752,39
2,leiden,svm,20,Xelaev18018009m.g,-0.026186750682364344,40
2,leiden,svm,20,sncb.S,-0.02603433884704715,41
2,leiden,svm,20,chga.S,-0.02581015204147914,42
2,leiden,svm,20,cxcr4.S,0.025460817162153215,43
2,leiden,svm,20,myf5.S,-0.02515568291974832,44
2,leiden,svm,20,glul.like.1.S,-0.025075916579131167,45
2,leiden,svm,20,col1a2.S,0.0249270682780508,46
2,leiden,svm,20,tfpi2.S,0.024912884402443224,47
2,leiden,svm,20,olfm2.L,-0.024738171653397346,48
2,leiden,svm,20,loc100488682.L,0.024536094598844288,49
2,leiden,svm,20,Xelaev18004547m.g,-0.024407245495026434,50
2,leiden,svm,20,slc18a3.L,-0.024101071327587095,51
2,leiden,svm,20,rrad.L,0.023986231704252303,52
2,leiden,svm,20,loc100486438.S,-0.023852893600316234,53
2,leiden,svm,20,smagp.L,0.023650766330165926,54
2,leiden,svm,20,epb41l3.L,-0.023474274160701542,55
2,leiden,svm,20,uts2b.L,-0.02335082091238373,56
2,leiden,svm,20,stmn4.L,0.023055366696384832,57
2,leiden,svm,20,l1cam.S,0.022929113310512932,58
2,leiden,svm,20,atp1b3.L,-0.022771682808431393,59
2,leiden,svm,20,myf5.L,-0.02260765754711344,60
2,leiden,svm,20,rbp1.S,0.022482482984890258,61
2,leiden,svm,20,timp.1.S,-0.022328841211207363,62
2,leiden,svm,20,syp.L,-0.022211953189620076,63
2,leiden,svm,20,fkbp1b.L,-0.02207201863635416,64
2,leiden,svm,20,got1.S,-0.02192717334641927,65
2,leiden,svm,20,sncg.L,-0.021899255138781104,66
2,leiden,svm,20,mgst3.L,-0.021862702857360347,67
2,leiden,svm,20,cpamd8.L,0.021795208094418258,68
2,leiden,svm,20,abat.S,-0.0215603722191825,69
2,leiden,svm,20,tspan7.S,-0.021384109650710834,70
2,leiden,svm,20,gamt.L,-0.02137007300155404,71
2,leiden,svm,20,syt4.S,0.02127927270179657,72
2,leiden,svm,20,loc100490816.S,0.021190530074430204,73
2,leiden,svm,20,loc100490291.S,0.021157845915089436,74
2,leiden,svm,20,frem2.1.L,0.02113633190022819,75
2,leiden,svm,21,Xelaev18045052m.g,-0.1109821808072151,1
2,leiden,svm,21,col1a2.L,-0.09217572482404458,2
2,leiden,svm,21,tnn.L,0.0753582029170112,3
2,leiden,svm,21,mgp.S,0.07161448543406677,4
2,leiden,svm,21,Xelaev18045096m.g,-0.06466865077841509,5
2,leiden,svm,21,loc100497154.S,0.05626660732527436,6
2,leiden,svm,21,Xelaev18001105m.g,-0.05574534648651152,7
2,leiden,svm,21,slurp1l.S,0.0538904937862605,8
2,leiden,svm,21,Xelaev18047460m.g,-0.04887799786548038,9
2,leiden,svm,21,acta2.S,0.04794722784282287,10
2,leiden,svm,21,c3.L,0.046703568956718,11
2,leiden,svm,21,Xelaev18001106m.g,-0.04589507863632875,12
2,leiden,svm,21,cpamd8.L,0.04515760131067757,13
2,leiden,svm,21,angptl7.L,-0.044876609237313646,14
2,leiden,svm,21,Xelaev18040322m.g,0.04476161235494299,15
2,leiden,svm,21,tuba4a.S,-0.04461952279003548,16
2,leiden,svm,21,Xetrov90005752m.L,0.03967792182023889,17
2,leiden,svm,21,fos.S,-0.03959691193618497,18
2,leiden,svm,21,vcan.L,0.03849412331298546,19
2,leiden,svm,21,cfb.L,0.037340337808239844,20
2,leiden,svm,21,col2a1.L,-0.03673911721386004,21
2,leiden,svm,21,Xetrov90005752m.S,0.035085233950123175,22
2,leiden,svm,21,sfrp2.S,-0.03393069177622843,23
2,leiden,svm,21,fabp3.L,-0.03368067011085307,24
2,leiden,svm,21,ckm.L,-0.032611580233212666,25
2,leiden,svm,21,Xelaev18040855m.g,-0.032212336266830045,26
2,leiden,svm,21,aebp1.S,0.031837977821031475,27
2,leiden,svm,21,myf5.S,-0.03136664624228285,28
2,leiden,svm,21,Xelaev18047462m.g,-0.031314446617752005,29
2,leiden,svm,21,MGC75752.L,-0.030796324307913937,30
2,leiden,svm,21,fkbp1b.L,-0.030548353968550195,31
2,leiden,svm,21,mtus1.L,-0.029748816803438372,32
2,leiden,svm,21,Xelaev18016663m.g,0.029314489947267423,33
2,leiden,svm,21,got1.S,-0.029180214032403354,34
2,leiden,svm,21,gap43.S,-0.0289239694950796,35
2,leiden,svm,21,bgn.S,-0.026976678891815452,36
2,leiden,svm,21,tat.S,0.026969966155211446,37
2,leiden,svm,21,col1a1.L,0.02692047185565687,38
2,leiden,svm,21,Xelaev18018009m.g,-0.026789381389828303,39
2,leiden,svm,21,Xelaev18044446m.g,0.0263968210396702,40
2,leiden,svm,21,sfrp2.L,-0.026045848256665182,41
2,leiden,svm,21,mab21l2.L,-0.025824905986223955,42
2,leiden,svm,21,ism2.L,0.025419347180700026,43
2,leiden,svm,21,myf5.L,-0.02531416888175181,44
2,leiden,svm,21,hpd.like.1.L,-0.024935130586666826,45
2,leiden,svm,21,ism1.L,0.024627964040319233,46
2,leiden,svm,21,ednrb.L,0.02459165884807034,47
2,leiden,svm,21,mmp8.L,0.024375416489747233,48
2,leiden,svm,21,Xelaev18047452m.g,-0.024357109708880435,49
2,leiden,svm,21,ptx3.L,0.02423058997313648,50
2,leiden,svm,21,sh2d4a.L,-0.024217287729752984,51
2,leiden,svm,21,ednra.L,0.023759979353809347,52
2,leiden,svm,21,crip1.L,-0.023449221560806387,53
2,leiden,svm,21,tgfb2.L,0.02344274437355694,54
2,leiden,svm,21,qdpr.L,0.023440020811777186,55
2,leiden,svm,21,rgs4.S,0.022957267572825315,56
2,leiden,svm,21,ptx3.S,0.02294363968796644,57
2,leiden,svm,21,Xelaev18045307m.g,-0.02241991830305033,58
2,leiden,svm,21,actc1.L,-0.022418233276984743,59
2,leiden,svm,21,gamt.L,-0.022293037189493,60
2,leiden,svm,21,gdf10.L,-0.02225430460016969,61
2,leiden,svm,21,olfml2a.L,0.021955914658332853,62
2,leiden,svm,21,bmp4.S,0.021892574408490066,63
2,leiden,svm,21,serpine1.L,0.021724028371710936,64
2,leiden,svm,21,Xelaev18047453m.g,-0.02126327733504194,65
2,leiden,svm,21,crispld2.L,0.02084277533872692,66
2,leiden,svm,21,msmb.3.L,-0.020653502212770382,67
2,leiden,svm,21,pdgfd.S,0.020359709509990696,68
2,leiden,svm,21,cxcl12.L,-0.020214247685552578,69
2,leiden,svm,21,acta2.L,0.02010178498698572,70
2,leiden,svm,21,loc100494786.S,0.019839499283316634,71
2,leiden,svm,21,loc101733915.L,0.01978528951885239,72
2,leiden,svm,21,notum.L,0.019400939439335234,73
2,leiden,svm,21,cpe.L,0.018895348200152415,74
2,leiden,svm,21,mxra5.S,-0.018623694943457957,75
